county_fips,should_be_2016,state_fips,state_abbv,state_name
04015,0,04,AZ,Arizona
12035,0,12,FL,Florida
20129,0,20,KS,Kansas
28093,0,28,MS,Mississippi
29510,0,29,MO,Missouri
35031,0,35,NM,New Mexico
37187,0,37,NC,North Carolina
38013,0,38,ND,North Dakota
51700,0,51,VA,Virginia
20109,0,20,KS,Kansas
13243,0,13,GA,Georgia
17081,0,17,IL,Illinois
19081,0,19,IA,Iowa
19197,0,19,IA,Iowa
18101,0,18,IN,Indiana
19073,0,19,IA,Iowa
28111,0,28,MS,Mississippi
29185,0,29,MO,Missouri
31151,0,31,NE,Nebraska
38003,0,38,ND,North Dakota
46085,1,46,SD,South Dakota
46129,1,46,SD,South Dakota
48383,0,48,TX,Texas
48497,0,48,TX,Texas
49051,0,49,UT,Utah
53037,0,53,WA,Washington
55035,0,55,WI,Wisconsin
55113,0,55,WI,Wisconsin
20069,0,20,KS,Kansas
17159,0,17,IL,Illinois
27001,0,27,MN,Minnesota
06083,0,06,CA,California
13115,0,13,GA,Georgia
20121,0,20,KS,Kansas
26005,0,26,MI,Michigan
26149,0,26,MI,Michigan
31157,0,31,NE,Nebraska
42049,0,42,PA,Pennsylvania
01045,0,01,AL,Alabama
05123,0,05,AR,Arkansas
12043,0,12,FL,Florida
17117,0,17,IL,Illinois
18081,0,18,IN,Indiana
18009,0,18,IN,Indiana
28137,0,28,MS,Mississippi
29135,0,29,MO,Missouri
31023,0,31,NE,Nebraska
46107,1,46,SD,South Dakota
46087,1,46,SD,South Dakota
48127,0,48,TX,Texas
53001,0,53,WA,Washington
54091,0,54,WV,West Virginia
22061,0,22,LA,Louisiana
19035,0,19,IA,Iowa
19031,0,19,IA,Iowa
48129,0,48,TX,Texas
48461,0,48,TX,Texas
12115,0,12,FL,Florida
17177,0,17,IL,Illinois
27105,0,27,MN,Minnesota
29113,0,29,MO,Missouri
31095,0,31,NE,Nebraska
37185,0,37,NC,North Carolina
39161,0,39,OH,Ohio
48067,0,48,TX,Texas
55101,0,55,WI,Wisconsin
21005,0,21,KY,Kentucky
17141,0,17,IL,Illinois
19181,0,19,IA,Iowa
20205,0,20,KS,Kansas
26025,0,26,MI,Michigan
28115,0,28,MS,Mississippi
31163,0,31,NE,Nebraska
51620,0,51,VA,Virginia
55097,0,55,WI,Wisconsin
18023,0,18,IN,Indiana
19169,0,19,IA,Iowa
27121,0,27,MN,Minnesota
50009,0,50,VT,Vermont
46111,1,46,SD,South Dakota
01111,0,01,AL,Alabama
06091,0,06,CA,California
12033,0,12,FL,Florida
12053,0,12,FL,Florida
20007,0,20,KS,Kansas
04023,0,04,AZ,Arizona
27081,1,27,MN,Minnesota
36021,0,36,NY,New York
37177,0,37,NC,North Carolina
41039,0,41,OR,Oregon
46101,1,46,SD,South Dakota
56027,1,56,WY,Wyoming
01133,0,01,AL,Alabama
20177,0,20,KS,Kansas
13223,0,13,GA,Georgia
18013,0,18,IN,Indiana
18079,0,18,IN,Indiana
19075,0,19,IA,Iowa
26133,0,26,MI,Michigan
29073,0,29,MO,Missouri
31019,0,31,NE,Nebraska
35011,0,35,NM,New Mexico
40111,0,40,OK,Oklahoma
46045,1,46,SD,South Dakota
48019,0,48,TX,Texas
48233,0,48,TX,Texas
48059,0,48,TX,Texas
51600,0,51,VA,Virginia
51595,0,51,VA,Virginia
55135,0,55,WI,Wisconsin
55129,0,55,WI,Wisconsin
28155,0,28,MS,Mississippi
26037,0,26,MI,Michigan
26085,0,26,MI,Michigan
31159,0,31,NE,Nebraska
40077,0,40,OK,Oklahoma
13279,0,13,GA,Georgia
17091,0,17,IL,Illinois
18007,0,18,IN,Indiana
20023,0,20,KS,Kansas
04012,0,04,AZ,Arizona
28003,0,28,MS,Mississippi
30101,0,30,MT,Montana
36087,0,36,NY,New York
48301,0,48,TX,Texas
49037,0,49,UT,Utah
56015,0,56,WY,Wyoming
04007,0,04,AZ,Arizona
08047,0,08,CO,Colorado
17123,0,17,IL,Illinois
18011,0,18,IN,Indiana
18145,0,18,IN,Indiana
20203,0,20,KS,Kansas
19015,0,19,IA,Iowa
27131,0,27,MN,Minnesota
31093,0,31,NE,Nebraska
37025,0,37,NC,North Carolina
38091,0,38,ND,North Dakota
40011,0,40,OK,Oklahoma
48099,0,48,TX,Texas
48065,0,48,TX,Texas
48413,0,48,TX,Texas
05141,0,05,AR,Arkansas
39089,0,39,OH,Ohio
46057,1,46,SD,South Dakota
48145,0,48,TX,Texas
48069,0,48,TX,Texas
51670,0,51,VA,Virginia
29115,0,29,MO,Missouri
31135,0,31,NE,Nebraska
19147,0,19,IA,Iowa
08017,0,08,CO,Colorado
01075,0,01,AL,Alabama
22019,0,22,LA,Louisiana
27091,0,27,MN,Minnesota
27137,0,27,MN,Minnesota
37129,0,37,NC,North Carolina
38019,0,38,ND,North Dakota
41065,0,41,OR,Oregon
47027,0,47,TN,Tennessee
01085,0,01,AL,Alabama
06069,0,06,CA,California
06061,0,06,CA,California
13113,0,13,GA,Georgia
19033,0,19,IA,Iowa
20133,0,20,KS,Kansas
20009,0,20,KS,Kansas
19047,0,19,IA,Iowa
26165,0,26,MI,Michigan
26113,0,26,MI,Michigan
29001,0,29,MO,Missouri
38065,0,38,ND,North Dakota
39067,0,39,OH,Ohio
48249,0,48,TX,Texas
48143,0,48,TX,Texas
55133,0,55,WI,Wisconsin
55027,0,55,WI,Wisconsin
18033,0,18,IN,Indiana
26049,0,26,MI,Michigan
20093,0,20,KS,Kansas
41023,0,41,OR,Oregon
13213,0,13,GA,Georgia
21029,0,21,KY,Kentucky
28153,0,28,MS,Mississippi
31133,0,31,NE,Nebraska
36101,0,36,NY,New York
40147,0,40,OK,Oklahoma
41055,0,41,OR,Oregon
49001,0,49,UT,Utah
05043,0,05,AR,Arkansas
06019,0,06,CA,California
13219,0,13,GA,Georgia
17155,0,17,IL,Illinois
19069,0,19,IA,Iowa
19113,0,19,IA,Iowa
21215,0,21,KY,Kentucky
27147,0,27,MN,Minnesota
28101,0,28,MS,Mississippi
30007,0,30,MT,Montana
31075,0,31,NE,Nebraska
36123,0,36,NY,New York
39027,0,39,OH,Ohio
46049,1,46,SD,South Dakota
46035,1,46,SD,South Dakota
46037,1,46,SD,South Dakota
48179,0,48,TX,Texas
55099,0,55,WI,Wisconsin
16085,0,16,ID,Idaho
31117,0,31,NE,Nebraska
51510,0,51,VA,Virginia
46077,1,46,SD,South Dakota
09013,0,09,CT,Connecticut
13285,0,13,GA,Georgia
20013,0,20,KS,Kansas
22123,0,22,LA,Louisiana
29011,0,29,MO,Missouri
39037,0,39,OH,Ohio
46063,1,46,SD,South Dakota
55075,0,55,WI,Wisconsin
56045,1,56,WY,Wyoming
12097,0,12,FL,Florida
17053,0,17,IL,Illinois
18017,0,18,IN,Indiana
20029,0,20,KS,Kansas
20167,0,20,KS,Kansas
38043,0,38,ND,North Dakota
29075,0,29,MO,Missouri
31101,0,31,NE,Nebraska
31167,0,31,NE,Nebraska
46043,1,46,SD,South Dakota
48329,0,48,TX,Texas
48085,0,48,TX,Texas
48045,0,48,TX,Texas
48153,0,48,TX,Texas
51680,0,51,VA,Virginia
55139,0,55,WI,Wisconsin
21129,0,21,KY,Kentucky
17049,0,17,IL,Illinois
18073,0,18,IN,Indiana
18041,0,18,IN,Indiana
26073,0,26,MI,Michigan
31175,0,31,NE,Nebraska
20015,0,20,KS,Kansas
37079,0,37,NC,North Carolina
38075,0,38,ND,North Dakota
17115,0,17,IL,Illinois
19175,0,19,IA,Iowa
19191,0,19,IA,Iowa
17147,0,17,IL,Illinois
19003,0,19,IA,Iowa
17165,0,17,IL,Illinois
46065,1,46,SD,South Dakota
19019,0,19,IA,Iowa
19023,0,19,IA,Iowa
20061,0,20,KS,Kansas
19037,0,19,IA,Iowa
20155,0,20,KS,Kansas
20017,0,20,KS,Kansas
48095,0,48,TX,Texas
48101,0,48,TX,Texas
48107,0,48,TX,Texas
19063,0,19,IA,Iowa
19067,0,19,IA,Iowa
19077,0,19,IA,Iowa
19189,0,19,IA,Iowa
21171,0,21,KY,Kentucky
55061,0,55,WI,Wisconsin
19103,0,19,IA,Iowa
19123,0,19,IA,Iowa
18099,0,18,IN,Indiana
18131,0,18,IN,Indiana
18127,0,18,IN,Indiana
37135,0,37,NC,North Carolina
21061,0,21,KY,Kentucky
16059,0,16,ID,Idaho
22017,0,22,LA,Louisiana
35057,0,35,NM,New Mexico
37063,0,37,NC,North Carolina
56031,0,56,WY,Wyoming
51037,0,51,VA,Virginia
55033,0,55,WI,Wisconsin
45087,0,45,SC,South Carolina
56029,0,56,WY,Wyoming
27099,0,27,MN,Minnesota
30069,0,30,MT,Montana
51099,0,51,VA,Virginia
48055,0,48,TX,Texas
41013,0,41,OR,Oregon
29043,0,29,MO,Missouri
30017,0,30,MT,Montana
01057,0,01,AL,Alabama
41033,0,41,OR,Oregon
18021,0,18,IN,Indiana
31169,0,31,NE,Nebraska
51135,0,51,VA,Virginia
20057,0,20,KS,Kansas
17145,0,17,IL,Illinois
20135,0,20,KS,Kansas
16063,0,16,ID,Idaho
29077,0,29,MO,Missouri
31091,0,31,NE,Nebraska
17093,0,17,IL,Illinois
18161,0,18,IN,Indiana
29221,0,29,MO,Missouri
42083,0,42,PA,Pennsylvania
26039,0,26,MI,Michigan
22055,0,22,LA,Louisiana
51683,0,51,VA,Virginia
26143,0,26,MI,Michigan
39019,0,39,OH,Ohio
38017,0,38,ND,North Dakota
55047,0,55,WI,Wisconsin
39021,0,39,OH,Ohio
31123,0,31,NE,Nebraska
05023,0,05,AR,Arkansas
29137,0,29,MO,Missouri
39065,0,39,OH,Ohio
33007,0,33,NH,New Hampshire
27085,0,27,MN,Minnesota
33009,0,33,NH,New Hampshire
29145,0,29,MO,Missouri
48163,0,48,TX,Texas
29229,0,29,MO,Missouri
48269,0,48,TX,Texas
48271,0,48,TX,Texas
18141,0,18,IN,Indiana
17095,0,17,IL,Illinois
39103,0,39,OH,Ohio
01061,0,01,AL,Alabama
17105,0,17,IL,Illinois
17109,0,17,IL,Illinois
48283,0,48,TX,Texas
19065,0,19,IA,Iowa
12085,0,12,FL,Florida
17121,0,17,IL,Illinois
19121,0,19,IA,Iowa
06105,0,06,CA,California
17203,0,17,IL,Illinois
39165,0,39,OH,Ohio
12011,0,12,FL,Florida
48463,0,48,TX,Texas
39033,0,39,OH,Ohio
39047,0,39,OH,Ohio
48483,0,48,TX,Texas
39077,0,39,OH,Ohio
48501,0,48,TX,Texas
13165,0,13,GA,Georgia
48011,0,48,TX,Texas
39041,0,39,OH,Ohio
40043,0,40,OK,Oklahoma
48285,0,48,TX,Texas
20077,0,20,KS,Kansas
27093,0,27,MN,Minnesota
48297,0,48,TX,Texas
48219,0,48,TX,Texas
39003,0,39,OH,Ohio
27059,0,27,MN,Minnesota
27143,0,27,MN,Minnesota
29147,0,29,MO,Missouri
48425,0,48,TX,Texas
29039,0,29,MO,Missouri
30049,0,30,MT,Montana
29159,0,29,MO,Missouri
48279,0,48,TX,Texas
32029,0,32,NV,Nevada
13173,0,13,GA,Georgia
19131,0,19,IA,Iowa
29139,0,29,MO,Missouri
17135,0,17,IL,Illinois
13155,0,13,GA,Georgia
47051,0,47,TN,Tennessee
38027,0,38,ND,North Dakota
38087,0,38,ND,North Dakota
48363,0,48,TX,Texas
13307,0,13,GA,Georgia
06071,0,06,CA,California
13085,0,13,GA,Georgia
55073,0,55,WI,Wisconsin
55081,0,55,WI,Wisconsin
39093,0,39,OH,Ohio
42075,0,42,PA,Pennsylvania
39133,0,39,OH,Ohio
46119,1,46,SD,South Dakota
47081,0,47,TN,Tennessee
51630,0,51,VA,Virginia
31179,0,31,NE,Nebraska
42113,0,42,PA,Pennsylvania
26109,0,26,MI,Michigan
37191,0,37,NC,North Carolina
05053,0,05,AR,Arkansas
38103,0,38,ND,North Dakota
48189,0,48,TX,Texas
31069,0,31,NE,Nebraska
29209,0,29,MO,Missouri
48193,0,48,TX,Texas
29175,0,29,MO,Missouri
48199,0,48,TX,Texas
37077,0,37,NC,North Carolina
29177,0,29,MO,Missouri
51610,0,51,VA,Virginia
05097,0,05,AR,Arkansas
29205,0,29,MO,Missouri
51730,0,51,VA,Virginia
19001,0,19,IA,Iowa
06053,0,06,CA,California
12027,0,12,FL,Florida
17011,0,17,IL,Illinois
39173,0,39,OH,Ohio
20079,0,20,KS,Kansas
20111,0,20,KS,Kansas
19183,0,19,IA,Iowa
26067,0,26,MI,Michigan
48123,0,48,TX,Texas
48125,0,48,TX,Texas
26077,0,26,MI,Michigan
21161,0,21,KY,Kentucky
27067,0,27,MN,Minnesota
51025,0,51,VA,Virginia
37093,0,37,NC,North Carolina
26123,0,26,MI,Michigan
26139,0,26,MI,Michigan
26159,0,26,MI,Michigan
17039,0,17,IL,Illinois
17055,0,17,IL,Illinois
17065,0,17,IL,Illinois
37035,0,37,NC,North Carolina
27041,0,27,MN,Minnesota
40073,0,40,OK,Oklahoma
41001,0,41,OR,Oregon
48149,0,48,TX,Texas
40093,0,40,OK,Oklahoma
48003,0,48,TX,Texas
46025,1,46,SD,South Dakota
46039,1,46,SD,South Dakota
46067,1,46,SD,South Dakota
47039,0,47,TN,Tennessee
48023,0,48,TX,Texas
47071,0,47,TN,Tennessee
46061,1,46,SD,South Dakota
46097,1,46,SD,South Dakota
46073,1,46,SD,South Dakota
54001,0,54,WV,West Virginia
17063,0,17,IL,Illinois
47101,0,47,TN,Tennessee
55069,0,55,WI,Wisconsin
48255,0,48,TX,Texas
31037,0,31,NE,Nebraska
31003,0,31,NE,Nebraska
29007,0,29,MO,Missouri
48237,0,48,TX,Texas
19029,0,19,IA,Iowa
48135,0,48,TX,Texas
48209,0,48,TX,Texas
48293,0,48,TX,Texas
48021,0,48,TX,Texas
13003,0,13,GA,Georgia
13277,0,13,GA,Georgia
13101,0,13,GA,Georgia
30073,0,30,MT,Montana
55127,0,55,WI,Wisconsin
48309,0,48,TX,Texas
19083,0,19,IA,Iowa
16037,0,16,ID,Idaho
19089,0,19,IA,Iowa
19093,0,19,IA,Iowa
08095,0,08,CO,Colorado
39127,0,39,OH,Ohio
19101,0,19,IA,Iowa
08105,0,08,CO,Colorado
19137,0,19,IA,Iowa
17175,0,17,IL,Illinois
39139,0,39,OH,Ohio
17179,0,17,IL,Illinois
08039,0,08,CO,Colorado
39147,0,39,OH,Ohio
39149,0,39,OH,Ohio
29083,0,29,MO,Missouri
40031,0,40,OK,Oklahoma
29065,0,29,MO,Missouri
48327,0,48,TX,Texas
48353,0,48,TX,Texas
08041,0,08,CO,Colorado
08061,0,08,CO,Colorado
48253,0,48,TX,Texas
48319,0,48,TX,Texas
48441,0,48,TX,Texas
41015,0,41,OR,Oregon
48263,0,48,TX,Texas
30089,0,30,MT,Montana
48433,0,48,TX,Texas
48207,0,48,TX,Texas
20019,0,20,KS,Kansas
48379,0,48,TX,Texas
48459,0,48,TX,Texas
48343,0,48,TX,Texas
31071,0,31,NE,Nebraska
48231,0,48,TX,Texas
36033,0,36,NY,New York
36093,0,36,NY,New York
48471,0,48,TX,Texas
36035,0,36,NY,New York
54009,0,54,WV,West Virginia
54069,0,54,WV,West Virginia
42059,0,42,PA,Pennsylvania
01127,0,01,AL,Alabama
28053,0,28,MS,Mississippi
28097,0,28,MS,Mississippi
51750,0,51,VA,Virginia
54049,0,54,WV,West Virginia
54047,0,54,WV,West Virginia
39039,0,39,OH,Ohio
28105,0,28,MS,Mississippi
29049,0,29,MO,Missouri
54101,0,54,WV,West Virginia
53033,0,53,WA,Washington
28123,0,28,MS,Mississippi
26079,0,26,MI,Michigan
05111,0,05,AR,Arkansas
53007,0,53,WA,Washington
12091,0,12,FL,Florida
12117,0,12,FL,Florida
28013,0,28,MS,Mississippi
28023,0,28,MS,Mississippi
46089,1,46,SD,South Dakota
28085,0,28,MS,Mississippi
54067,0,54,WV,West Virginia
54075,0,54,WV,West Virginia
27111,0,27,MN,Minnesota
01007,0,01,AL,Alabama
28069,0,28,MS,Mississippi
40083,0,40,OK,Oklahoma
48291,0,48,TX,Texas
13235,0,13,GA,Georgia
17079,0,17,IL,Illinois
27119,0,27,MN,Minnesota
48317,0,48,TX,Texas
26035,0,26,MI,Michigan
26051,0,26,MI,Michigan
37145,0,37,NC,North Carolina
17187,0,17,IL,Illinois
13079,0,13,GA,Georgia
13021,0,13,GA,Georgia
56043,0,56,WY,Wyoming
26129,0,26,MI,Michigan
47047,0,47,TN,Tennessee
20165,0,20,KS,Kansas
38009,0,38,ND,North Dakota
38011,1,38,ND,North Dakota
38041,0,38,ND,North Dakota
18169,0,18,IN,Indiana
20085,0,20,KS,Kansas
19171,0,19,IA,Iowa
06103,0,06,CA,California
18097,0,18,IN,Indiana
18107,0,18,IN,Indiana
18159,0,18,IN,Indiana
51770,0,51,VA,Virginia
19173,0,19,IA,Iowa
27043,0,27,MN,Minnesota
05135,0,05,AR,Arkansas
19017,0,19,IA,Iowa
48429,0,48,TX,Texas
55119,0,55,WI,Wisconsin
20083,0,20,KS,Kansas
18177,0,18,IN,Indiana
26099,0,26,MI,Michigan
30075,0,30,MT,Montana
50003,0,50,VT,Vermont
13209,0,13,GA,Georgia
19021,0,19,IA,Iowa
29103,0,29,MO,Missouri
38045,0,38,ND,North Dakota
41043,0,41,OR,Oregon
48303,0,48,TX,Texas
13083,0,13,GA,Georgia
31059,0,31,NE,Nebraska
48165,0,48,TX,Texas
23029,0,23,ME,Maine
28071,0,28,MS,Mississippi
31137,0,31,NE,Nebraska
48415,0,48,TX,Texas
40129,0,40,OK,Oklahoma
05119,0,05,AR,Arkansas
39163,0,39,OH,Ohio
20143,0,20,KS,Kansas
19041,0,19,IA,Iowa
55019,0,55,WI,Wisconsin
19049,0,19,IA,Iowa
19143,0,19,IA,Iowa
51036,0,51,VA,Virginia
12013,0,12,FL,Florida
20113,0,20,KS,Kansas
31001,0,31,NE,Nebraska
55077,0,55,WI,Wisconsin
08057,0,08,CO,Colorado
28009,0,28,MS,Mississippi
53053,0,53,WA,Washington
05099,0,05,AR,Arkansas
17073,0,17,IL,Illinois
48195,0,48,TX,Texas
56007,0,56,WY,Wyoming
13089,0,13,GA,Georgia
18117,0,18,IN,Indiana
29121,0,29,MO,Missouri
48417,0,48,TX,Texas
27165,0,27,MN,Minnesota
19165,0,19,IA,Iowa
47075,0,47,TN,Tennessee
20073,0,20,KS,Kansas
47129,0,47,TN,Tennessee
20059,0,20,KS,Kansas
06017,0,06,CA,California
27117,1,27,MN,Minnesota
29055,0,29,MO,Missouri
18063,0,18,IN,Indiana
48247,0,48,TX,Texas
17025,0,17,IL,Illinois
31085,0,31,NE,Nebraska
31139,0,31,NE,Nebraska
39069,0,39,OH,Ohio
39083,0,39,OH,Ohio
06057,0,06,CA,California
06031,0,06,CA,California
16049,0,16,ID,Idaho
20101,0,20,KS,Kansas
38079,0,38,ND,North Dakota
20171,0,20,KS,Kansas
20179,0,20,KS,Kansas
55025,0,55,WI,Wisconsin
22027,0,22,LA,Louisiana
29015,0,29,MO,Missouri
36049,0,36,NY,New York
48031,0,48,TX,Texas
29035,0,29,MO,Missouri
51830,0,51,VA,Virginia
51650,0,51,VA,Virginia
48115,0,48,TX,Texas
30029,0,30,MT,Montana
51735,0,51,VA,Virginia
48033,0,48,TX,Texas
20189,0,20,KS,Kansas
30053,0,30,MT,Montana
36003,0,36,NY,New York
13125,0,13,GA,Georgia
22059,0,22,LA,Louisiana
46017,1,46,SD,South Dakota
48251,0,48,TX,Texas
17087,0,17,IL,Illinois
48311,0,48,TX,Texas
20099,0,20,KS,Kansas
13067,0,13,GA,Georgia
28133,0,28,MS,Mississippi
28127,0,28,MS,Mississippi
51840,0,51,VA,Virginia
55015,0,55,WI,Wisconsin
18043,0,18,IN,Indiana
27133,1,27,MN,Minnesota
51710,0,51,VA,Virginia
21173,0,21,KY,Kentucky
27149,0,27,MN,Minnesota
31109,0,31,NE,Nebraska
51720,0,51,VA,Virginia
55137,0,55,WI,Wisconsin
27161,0,27,MN,Minnesota
19185,0,19,IA,Iowa
01079,0,01,AL,Alabama
13201,0,13,GA,Georgia
19055,0,19,IA,Iowa
27101,0,27,MN,Minnesota
48133,0,48,TX,Texas
48507,0,48,TX,Texas
48375,0,48,TX,Texas
26111,0,26,MI,Michigan
21147,0,21,KY,Kentucky
13171,0,13,GA,Georgia
17111,0,17,IL,Illinois
18085,0,18,IN,Indiana
05031,0,05,AR,Arkansas
48013,0,48,TX,Texas
08121,0,08,CO,Colorado
13227,0,13,GA,Georgia
55117,0,55,WI,Wisconsin
38031,0,38,ND,North Dakota
04005,0,04,AZ,Arizona
18171,0,18,IN,Indiana
55131,0,55,WI,Wisconsin
29141,0,29,MO,Missouri
29161,0,29,MO,Missouri
05079,0,05,AR,Arkansas
18049,0,18,IN,Indiana
20035,0,20,KS,Kansas
27065,0,27,MN,Minnesota
17051,0,17,IL,Illinois
46003,1,46,SD,South Dakota
42023,0,42,PA,Pennsylvania
46099,1,46,SD,South Dakota
51540,0,51,VA,Virginia
08045,0,08,CO,Colorado
19051,0,19,IA,Iowa
17191,0,17,IL,Illinois
39159,0,39,OH,Ohio
13265,0,13,GA,Georgia
06079,0,06,CA,California
48437,0,48,TX,Texas
28015,0,28,MS,Mississippi
42019,0,42,PA,Pennsylvania
48049,0,48,TX,Texas
48435,0,48,TX,Texas
32027,0,32,NV,Nevada
20127,0,20,KS,Kansas
48381,0,48,TX,Texas
19157,0,19,IA,Iowa
08101,0,08,CO,Colorado
48173,0,48,TX,Texas
48159,0,48,TX,Texas
36057,0,36,NY,New York
29025,0,29,MO,Missouri
54033,0,54,WV,West Virginia
12131,0,12,FL,Florida
17171,0,17,IL,Illinois
19009,0,19,IA,Iowa
18057,0,18,IN,Indiana
38047,0,38,ND,North Dakota
20027,0,20,KS,Kansas
16061,0,16,ID,Idaho
20123,0,20,KS,Kansas
27135,0,27,MN,Minnesota
36109,0,36,NY,New York
19039,0,19,IA,Iowa
19091,0,19,IA,Iowa
29079,0,29,MO,Missouri
20173,0,20,KS,Kansas
29009,0,29,MO,Missouri
48243,0,48,TX,Texas
29105,0,29,MO,Missouri
26095,0,26,MI,Michigan
21227,0,21,KY,Kentucky
18071,0,18,IN,Indiana
38073,0,38,ND,North Dakota
31165,1,31,NE,Nebraska
48075,0,48,TX,Texas
13075,0,13,GA,Georgia
29061,0,29,MO,Missouri
46005,1,46,SD,South Dakota
28031,0,28,MS,Mississippi
19059,0,19,IA,Iowa
21209,0,21,KY,Kentucky
19013,0,19,IA,Iowa
38049,0,38,ND,North Dakota
26057,0,26,MI,Michigan
40039,0,40,OK,Oklahoma
47109,0,47,TN,Tennessee
13255,0,13,GA,Georgia
31097,0,31,NE,Nebraska
48081,0,48,TX,Texas
50015,0,50,VT,Vermont
48009,0,48,TX,Texas
23009,0,23,ME,Maine
39125,0,39,OH,Ohio
22003,0,22,LA,Louisiana
47077,0,47,TN,Tennessee
20175,0,20,KS,Kansas
20089,0,20,KS,Kansas
41021,0,41,OR,Oregon
48087,0,48,TX,Texas
17021,0,17,IL,Illinois
29057,0,29,MO,Missouri
48399,0,48,TX,Texas
28139,0,28,MS,Mississippi
20053,0,20,KS,Kansas
31067,0,31,NE,Nebraska
36073,0,36,NY,New York
13135,0,13,GA,Georgia
29169,0,29,MO,Missouri
40047,0,40,OK,Oklahoma
20139,0,20,KS,Kansas
17007,0,17,IL,Illinois
12105,0,12,FL,Florida
21155,0,21,KY,Kentucky
20067,0,20,KS,Kansas
48191,0,48,TX,Texas
48035,0,48,TX,Texas
31183,0,31,NE,Nebraska
51550,0,51,VA,Virginia
21001,0,21,KY,Kentucky
28103,0,28,MS,Mississippi
39119,0,39,OH,Ohio
05039,0,05,AR,Arkansas
39109,0,39,OH,Ohio
19151,0,19,IA,Iowa
26001,0,26,MI,Michigan
42117,0,42,PA,Pennsylvania
28131,0,28,MS,Mississippi
47149,0,47,TN,Tennessee
55055,0,55,WI,Wisconsin
26015,0,26,MI,Michigan
31005,0,31,NE,Nebraska
29101,0,29,MO,Missouri
26045,0,26,MI,Michigan
27031,0,27,MN,Minnesota
55107,0,55,WI,Wisconsin
51011,0,51,VA,Virginia
19135,0,19,IA,Iowa
20051,0,20,KS,Kansas
28099,0,28,MS,Mississippi
18157,0,18,IN,Indiana
04003,0,04,AZ,Arizona
21083,0,21,KY,Kentucky
48205,0,48,TX,Texas
06089,0,06,CA,California
55005,0,55,WI,Wisconsin
19125,0,19,IA,Iowa
19053,0,19,IA,Iowa
49043,0,49,UT,Utah
05037,0,05,AR,Arkansas
20195,0,20,KS,Kansas
48493,0,48,TX,Texas
12049,0,12,FL,Florida
31181,0,31,NE,Nebraska
08087,0,08,CO,Colorado
32019,0,32,NV,Nevada
35017,0,35,NM,New Mexico
36103,0,36,NY,New York
36045,0,36,NY,New York
36019,0,36,NY,New York
38105,0,38,ND,North Dakota
22039,0,22,LA,Louisiana
40059,0,40,OK,Oklahoma
46051,1,46,SD,South Dakota
46027,1,46,SD,South Dakota
17189,0,17,IL,Illinois
47153,0,47,TN,Tennessee
06005,0,06,CA,California
19159,0,19,IA,Iowa
30001,0,30,MT,Montana
26021,0,26,MI,Michigan
42131,0,42,PA,Pennsylvania
26093,0,26,MI,Michigan
26161,0,26,MI,Michigan
39079,0,39,OH,Ohio
05065,0,05,AR,Arkansas
37109,0,37,NC,North Carolina
51790,0,51,VA,Virginia
26075,0,26,MI,Michigan
26107,0,26,MI,Michigan
27039,0,27,MN,Minnesota
46115,1,46,SD,South Dakota
46079,1,46,SD,South Dakota
29085,0,29,MO,Missouri
40037,0,40,OK,Oklahoma
17099,0,17,IL,Illinois
39113,0,39,OH,Ohio
13319,0,13,GA,Georgia
48211,0,48,TX,Texas
48397,0,48,TX,Texas
38081,1,38,ND,North Dakota
20185,0,20,KS,Kansas
01003,0,01,AL,Alabama
26031,0,26,MI,Michigan
05027,0,05,AR,Arkansas
04011,0,04,AZ,Arizona
13215,0,13,GA,Georgia
17133,0,17,IL,Illinois
17085,0,17,IL,Illinois
18075,0,18,IN,Indiana
18029,0,18,IN,Indiana
30081,0,30,MT,Montana
13189,0,13,GA,Georgia
27125,0,27,MN,Minnesota
28135,0,28,MS,Mississippi
48235,0,48,TX,Texas
51580,0,51,VA,Virginia
22083,0,22,LA,Louisiana
48063,0,48,TX,Texas
29129,0,29,MO,Missouri
13287,0,13,GA,Georgia
26125,0,26,MI,Michigan
18069,0,18,IN,Indiana
16077,0,16,ID,Idaho
29093,0,29,MO,Missouri
40105,0,40,OK,Oklahoma
18047,0,18,IN,Indiana
47097,0,47,TN,Tennessee
47025,0,47,TN,Tennessee
48391,0,48,TX,Texas
48351,0,48,TX,Texas
48465,0,48,TX,Texas
48315,0,48,TX,Texas
51073,0,51,VA,Virginia
53057,0,53,WA,Washington
53035,0,53,WA,Washington
54031,0,54,WV,West Virginia
19005,0,19,IA,Iowa
20153,0,20,KS,Kansas
20183,0,20,KS,Kansas
21027,0,21,KY,Kentucky
22075,0,22,LA,Louisiana
24510,0,24,MD,Maryland
27037,0,27,MN,Minnesota
27155,1,27,MN,Minnesota
29165,0,29,MO,Missouri
29003,0,29,MO,Missouri
29201,0,29,MO,Missouri
30085,0,30,MT,Montana
31127,0,31,NE,Nebraska
31045,1,31,NE,Nebraska
31161,1,31,NE,Nebraska
32023,0,32,NV,Nevada
01095,0,01,AL,Alabama
06063,0,06,CA,California
08001,0,08,CO,Colorado
08111,0,08,CO,Colorado
13077,0,13,GA,Georgia
13211,0,13,GA,Georgia
48423,0,48,TX,Texas
28143,0,28,MS,Mississippi
40119,0,40,OK,Oklahoma
54013,0,54,WV,West Virginia
17199,0,17,IL,Illinois
17107,0,17,IL,Illinois
17113,0,17,IL,Illinois
20003,0,20,KS,Kansas
20141,0,20,KS,Kansas
19011,0,19,IA,Iowa
19179,0,19,IA,Iowa
28081,0,28,MS,Mississippi
28049,0,28,MS,Mississippi
28065,0,28,MS,Mississippi
30015,0,30,MT,Montana
31047,0,31,NE,Nebraska
31143,0,31,NE,Nebraska
34039,0,34,NJ,New Jersey
37011,0,37,NC,North Carolina
37137,0,37,NC,North Carolina
38067,0,38,ND,North Dakota
39035,0,39,OH,Ohio
41041,0,41,OR,Oregon
42095,0,42,PA,Pennsylvania
46019,1,46,SD,South Dakota
48389,0,48,TX,Texas
48479,0,48,TX,Texas
35043,0,35,NM,New Mexico
35033,0,35,NM,New Mexico
37159,0,37,NC,North Carolina
36121,0,36,NY,New York
42037,0,42,PA,Pennsylvania
45085,0,45,SC,South Carolina
45035,0,45,SC,South Carolina
46075,1,46,SD,South Dakota
47037,0,47,TN,Tennessee
48223,0,48,TX,Texas
48341,0,48,TX,Texas
48349,0,48,TX,Texas
51047,0,51,VA,Virginia
51067,0,51,VA,Virginia
47143,0,47,TN,Tennessee
04001,0,04,AZ,Arizona
08125,0,08,CO,Colorado
08123,0,08,CO,Colorado
08103,0,08,CO,Colorado
54083,0,54,WV,West Virginia
13091,0,13,GA,Georgia
28107,0,28,MS,Mississippi
31007,0,31,NE,Nebraska
18065,0,18,IN,Indiana
26017,0,26,MI,Michigan
31125,0,31,NE,Nebraska
48361,0,48,TX,Texas
49009,0,49,UT,Utah
49053,0,49,UT,Utah
55125,0,55,WI,Wisconsin
01105,0,01,AL,Alabama
56037,0,56,WY,Wyoming
06043,0,06,CA,California
06009,0,06,CA,California
08035,0,08,CO,Colorado
13005,0,13,GA,Georgia
16013,0,16,ID,Idaho
09009,0,09,CT,Connecticut
13241,0,13,GA,Georgia
13119,0,13,GA,Georgia
16075,0,16,ID,Idaho
18051,0,18,IN,Indiana
19045,0,19,IA,Iowa
20033,0,20,KS,Kansas
21223,0,21,KY,Kentucky
21191,0,21,KY,Kentucky
24035,0,24,MD,Maryland
24037,0,24,MD,Maryland
28095,0,28,MS,Mississippi
27167,0,27,MN,Minnesota
29087,0,29,MO,Missouri
32013,0,32,NV,Nevada
17009,0,17,IL,Illinois
18059,0,18,IN,Indiana
20097,0,20,KS,Kansas
21099,0,21,KY,Kentucky
21201,0,21,KY,Kentucky
21203,0,21,KY,Kentucky
22099,0,22,LA,Louisiana
21087,0,21,KY,Kentucky
27023,0,27,MN,Minnesota
29063,0,29,MO,Missouri
05143,0,05,AR,Arkansas
06111,0,06,CA,California
10003,0,10,DE,Delaware
12071,0,12,FL,Florida
05149,0,05,AR,Arkansas
36097,0,36,NY,New York
38039,0,38,ND,North Dakota
42093,0,42,PA,Pennsylvania
42041,0,42,PA,Pennsylvania
42087,0,42,PA,Pennsylvania
36063,0,36,NY,New York
37095,0,37,NC,North Carolina
37199,0,37,NC,North Carolina
22097,0,22,LA,Louisiana
38085,1,38,ND,North Dakota
39029,0,39,OH,Ohio
41025,0,41,OR,Oregon
46013,1,46,SD,South Dakota
47073,0,47,TN,Tennessee
47099,0,47,TN,Tennessee
47139,0,47,TN,Tennessee
48147,0,48,TX,Texas
29041,0,29,MO,Missouri
45067,0,45,SC,South Carolina
46069,1,46,SD,South Dakota
48119,0,48,TX,Texas
48367,0,48,TX,Texas
48137,0,48,TX,Texas
48313,0,48,TX,Texas
48473,0,48,TX,Texas
48331,0,48,TX,Texas
53067,0,53,WA,Washington
53017,0,53,WA,Washington
13321,0,13,GA,Georgia
13137,0,13,GA,Georgia
13065,0,13,GA,Georgia
13299,0,13,GA,Georgia
16017,0,16,ID,Idaho
18087,0,18,IN,Indiana
18091,0,18,IN,Indiana
20091,0,20,KS,Kansas
21179,0,21,KY,Kentucky
18093,0,18,IN,Indiana
18015,0,18,IN,Indiana
31009,0,31,NE,Nebraska
27127,0,27,MN,Minnesota
27057,0,27,MN,Minnesota
40049,0,40,OK,Oklahoma
38037,0,38,ND,North Dakota
01059,0,01,AL,Alabama
01071,0,01,AL,Alabama
48201,0,48,TX,Texas
48071,0,48,TX,Texas
51105,0,51,VA,Virginia
51193,0,51,VA,Virginia
51143,0,51,VA,Virginia
53039,0,53,WA,Washington
54011,0,54,WV,West Virginia
56041,0,56,WY,Wyoming
01011,0,01,AL,Alabama
05013,0,05,AR,Arkansas
05067,0,05,AR,Arkansas
21057,0,21,KY,Kentucky
21185,0,21,KY,Kentucky
22113,0,22,LA,Louisiana
04021,0,04,AZ,Arizona
24015,0,24,MD,Maryland
26071,0,26,MI,Michigan
27055,0,27,MN,Minnesota
28109,0,28,MS,Mississippi
31031,1,31,NE,Nebraska
31055,0,31,NE,Nebraska
40025,0,40,OK,Oklahoma
06085,0,06,CA,California
08117,0,08,CO,Colorado
08015,0,08,CO,Colorado
12051,0,12,FL,Florida
12019,0,12,FL,Florida
31099,0,31,NE,Nebraska
36041,0,36,NY,New York
36037,0,36,NY,New York
27103,0,27,MN,Minnesota
39129,0,39,OH,Ohio
40117,0,40,OK,Oklahoma
42069,0,42,PA,Pennsylvania
46015,1,46,SD,South Dakota
47089,0,47,TN,Tennessee
47001,0,47,TN,Tennessee
13133,0,13,GA,Georgia
18005,0,18,IN,Indiana
18037,0,18,IN,Indiana
20081,0,20,KS,Kansas
18121,0,18,IN,Indiana
21065,0,21,KY,Kentucky
23011,0,23,ME,Maine
28017,0,28,MS,Mississippi
28019,0,28,MS,Mississippi
29223,0,29,MO,Missouri
31185,0,31,NE,Nebraska
34029,0,34,NJ,New Jersey
37043,0,37,NC,North Carolina
37173,0,37,NC,North Carolina
37045,0,37,NC,North Carolina
39043,0,39,OH,Ohio
45025,0,45,SC,South Carolina
46083,1,46,SD,South Dakota
47095,0,47,TN,Tennessee
48167,0,48,TX,Texas
48387,0,48,TX,Texas
51117,0,51,VA,Virginia
53061,0,53,WA,Washington
53027,0,53,WA,Washington
48499,0,48,TX,Texas
49049,0,49,UT,Utah
08091,0,08,CO,Colorado
54105,0,54,WV,West Virginia
06015,0,06,CA,California
08075,0,08,CO,Colorado
12087,0,12,FL,Florida
55078,0,55,WI,Wisconsin
20151,0,20,KS,Kansas
21153,0,21,KY,Kentucky
22005,0,22,LA,Louisiana
19109,0,19,IA,Iowa
19141,0,19,IA,Iowa
26055,0,26,MI,Michigan
40081,0,40,OK,Oklahoma
51121,0,51,VA,Virginia
36009,0,36,NY,New York
45081,0,45,SC,South Carolina
47059,0,47,TN,Tennessee
22111,0,22,LA,Louisiana
01077,0,01,AL,Alabama
06073,0,06,CA,California
08033,0,08,CO,Colorado
16053,0,16,ID,Idaho
54071,0,54,WV,West Virginia
55123,0,55,WI,Wisconsin
56023,0,56,WY,Wyoming
01043,0,01,AL,Alabama
01015,0,01,AL,Alabama
08005,0,08,CO,Colorado
12107,0,12,FL,Florida
13129,0,13,GA,Georgia
12037,0,12,FL,Florida
19139,0,19,IA,Iowa
21075,0,21,KY,Kentucky
21133,0,21,KY,Kentucky
22085,0,22,LA,Louisiana
24003,0,24,MD,Maryland
26089,0,26,MI,Michigan
26007,0,26,MI,Michigan
28047,0,28,MS,Mississippi
29186,0,29,MO,Missouri
29199,0,29,MO,Missouri
30105,0,30,MT,Montana
34009,0,34,NJ,New Jersey
35006,0,35,NM,New Mexico
40151,0,40,OK,Oklahoma
18025,0,18,IN,Indiana
40133,0,40,OK,Oklahoma
47013,0,47,TN,Tennessee
35035,0,35,NM,New Mexico
35053,0,35,NM,New Mexico
17103,0,17,IL,Illinois
47019,0,47,TN,Tennessee
48007,0,48,TX,Texas
47021,0,47,TN,Tennessee
25023,0,25,MA,Massachusetts
45075,0,45,SC,South Carolina
45065,0,45,SC,South Carolina
51089,0,51,VA,Virginia
51093,0,51,VA,Virginia
55059,0,55,WI,Wisconsin
35021,0,35,NM,New Mexico
51169,0,51,VA,Virginia
42105,0,42,PA,Pennsylvania
55067,0,55,WI,Wisconsin
01123,0,01,AL,Alabama
29143,0,29,MO,Missouri
35037,0,35,NM,New Mexico
06027,0,06,CA,California
37097,0,37,NC,North Carolina
42005,0,42,PA,Pennsylvania
29217,0,29,MO,Missouri
42009,0,42,PA,Pennsylvania
51685,0,51,VA,Virginia
45019,0,45,SC,South Carolina
48015,0,48,TX,Texas
46009,1,46,SD,South Dakota
47057,0,47,TN,Tennessee
49033,0,49,UT,Utah
53013,0,53,WA,Washington
41067,0,41,OR,Oregon
49055,0,49,UT,Utah
56039,0,56,WY,Wyoming
30039,0,30,MT,Montana
37009,0,37,NC,North Carolina
51167,0,51,VA,Virginia
35029,0,35,NM,New Mexico
31141,0,31,NE,Nebraska
34005,0,34,NJ,New Jersey
31053,0,31,NE,Nebraska
31043,1,31,NE,Nebraska
51570,0,51,VA,Virginia
31027,1,31,NE,Nebraska
42003,0,42,PA,Pennsylvania
05083,0,05,AR,Arkansas
45013,0,45,SC,South Carolina
46135,1,46,SD,South Dakota
47029,0,47,TN,Tennessee
51059,0,51,VA,Virginia
45077,0,45,SC,South Carolina
45071,0,45,SC,South Carolina
37157,0,37,NC,North Carolina
45027,0,45,SC,South Carolina
05121,0,05,AR,Arkansas
08007,0,08,CO,Colorado
21041,0,21,KY,Kentucky
01119,0,01,AL,Alabama
22037,0,22,LA,Louisiana
24009,0,24,MD,Maryland
21195,0,21,KY,Kentucky
25025,0,25,MA,Massachusetts
42017,0,42,PA,Pennsylvania
44009,0,44,RI,Rhode Island
47067,0,47,TN,Tennessee
47147,0,47,TN,Tennessee
48295,0,48,TX,Texas
46123,1,46,SD,South Dakota
47111,0,47,TN,Tennessee
47161,0,47,TN,Tennessee
21207,0,21,KY,Kentucky
21009,0,21,KY,Kentucky
21211,0,21,KY,Kentucky
28005,0,28,MS,Mississippi
40053,0,40,OK,Oklahoma
34017,0,34,NJ,New Jersey
37149,0,37,NC,North Carolina
41005,0,41,OR,Oregon
20161,0,20,KS,Kansas
20039,0,20,KS,Kansas
27027,0,27,MN,Minnesota
29197,0,29,MO,Missouri
30051,0,30,MT,Montana
30041,0,30,MT,Montana
31129,0,31,NE,Nebraska
32021,0,32,NV,Nevada
54065,0,54,WV,West Virginia
55109,0,55,WI,Wisconsin
01025,0,01,AL,Alabama
06055,0,06,CA,California
21103,0,21,KY,Kentucky
21051,0,21,KY,Kentucky
27051,0,27,MN,Minnesota
28145,0,28,MS,Mississippi
28077,0,28,MS,Mississippi
29215,0,29,MO,Missouri
37127,0,37,NC,North Carolina
40021,0,40,OK,Oklahoma
47175,0,47,TN,Tennessee
47015,0,47,TN,Tennessee
20063,0,20,KS,Kansas
20065,0,20,KS,Kansas
46029,1,46,SD,South Dakota
28141,0,28,MS,Mississippi
31103,1,31,NE,Nebraska
48117,0,48,TX,Texas
49021,0,49,UT,Utah
01121,0,01,AL,Alabama
18045,0,18,IN,Indiana
22049,0,22,LA,Louisiana
31077,0,31,NE,Nebraska
40109,0,40,OK,Oklahoma
50017,0,50,VT,Vermont
53075,0,53,WA,Washington
53065,0,53,WA,Washington
51031,0,51,VA,Virginia
46093,1,46,SD,South Dakota
46117,1,46,SD,South Dakota
48051,0,48,TX,Texas
49031,0,49,UT,Utah
51157,0,51,VA,Virginia
54041,0,54,WV,West Virginia
47093,0,47,TN,Tennessee
48029,0,48,TX,Texas
48267,0,48,TX,Texas
48325,0,48,TX,Texas
51023,0,51,VA,Virginia
13055,0,13,GA,Georgia
17157,0,17,IL,Illinois
18111,0,18,IN,Indiana
21077,0,21,KY,Kentucky
28087,0,28,MS,Mississippi
31051,1,31,NE,Nebraska
36055,0,36,NY,New York
37121,0,37,NC,North Carolina
38029,1,38,ND,North Dakota
24005,0,24,MD,Maryland
06107,0,06,CA,California
38055,0,38,ND,North Dakota
17119,0,17,IL,Illinois
48105,0,48,TX,Texas
51197,0,51,VA,Virginia
55057,0,55,WI,Wisconsin
28073,0,28,MS,Mississippi
21039,0,21,KY,Kentucky
13295,0,13,GA,Georgia
21121,0,21,KY,Kentucky
18155,0,18,IN,Indiana
20119,0,20,KS,Kansas
21225,0,21,KY,Kentucky
13317,0,13,GA,Georgia
16047,0,16,ID,Idaho
16011,0,16,ID,Idaho
17143,0,17,IL,Illinois
20031,0,20,KS,Kansas
20001,0,20,KS,Kansas
22047,0,22,LA,Louisiana
47115,0,47,TN,Tennessee
51043,0,51,VA,Virginia
51083,0,51,VA,Virginia
53069,0,53,WA,Washington
26033,0,26,MI,Michigan
26019,0,26,MI,Michigan
28113,0,28,MS,Mississippi
29119,0,29,MO,Missouri
29149,0,29,MO,Missouri
32017,0,32,NV,Nevada
48485,0,48,TX,Texas
49005,0,49,UT,Utah
51800,0,51,VA,Virginia
22001,0,22,LA,Louisiana
27003,0,27,MN,Minnesota
27015,0,27,MN,Minnesota
27151,0,27,MN,Minnesota
40097,0,40,OK,Oklahoma
30099,0,30,MT,Montana
31017,0,31,NE,Nebraska
05131,0,05,AR,Arkansas
17131,0,17,IL,Illinois
06059,0,06,CA,California
06095,0,06,CA,California
09005,0,09,CT,Connecticut
13149,0,13,GA,Georgia
17197,0,17,IL,Illinois
34021,0,34,NJ,New Jersey
34003,0,34,NJ,New Jersey
37161,0,37,NC,North Carolina
37153,0,37,NC,North Carolina
22069,0,22,LA,Louisiana
55091,0,55,WI,Wisconsin
01013,0,01,AL,Alabama
08029,0,08,CO,Colorado
08027,0,08,CO,Colorado
13217,0,13,GA,Georgia
13097,0,13,GA,Georgia
13193,0,13,GA,Georgia
16005,0,16,ID,Idaho
17017,0,17,IL,Illinois
20105,0,20,KS,Kansas
34007,0,34,NJ,New Jersey
37151,0,37,NC,North Carolina
37167,0,37,NC,North Carolina
37065,0,37,NC,North Carolina
51161,0,51,VA,Virginia
51113,0,51,VA,Virginia
51163,0,51,VA,Virginia
55039,0,55,WI,Wisconsin
56009,0,56,WY,Wyoming
27069,0,27,MN,Minnesota
30003,0,30,MT,Montana
30019,0,30,MT,Montana
21167,0,21,KY,Kentucky
56021,0,56,WY,Wyoming
05085,0,05,AR,Arkansas
05101,0,05,AR,Arkansas
08089,0,08,CO,Colorado
12095,0,12,FL,Florida
12121,0,12,FL,Florida
13157,0,13,GA,Georgia
45017,0,45,SC,South Carolina
21189,0,21,KY,Kentucky
16069,0,16,ID,Idaho
18105,0,18,IN,Indiana
31065,0,31,NE,Nebraska
20025,0,20,KS,Kansas
13273,0,13,GA,Georgia
45069,0,45,SC,South Carolina
46007,1,46,SD,South Dakota
26011,0,26,MI,Michigan
21141,0,21,KY,Kentucky
13305,0,13,GA,Georgia
01005,0,01,AL,Alabama
05113,0,05,AR,Arkansas
51810,0,51,VA,Virginia
01097,0,01,AL,Alabama
56003,0,56,WY,Wyoming
48407,0,48,TX,Texas
38025,0,38,ND,North Dakota
48347,0,48,TX,Texas
08009,0,08,CO,Colorado
48289,0,48,TX,Texas
48187,0,48,TX,Texas
48475,0,48,TX,Texas
48453,0,48,TX,Texas
48225,0,48,TX,Texas
30071,0,30,MT,Montana
29173,0,29,MO,Missouri
35039,0,35,NM,New Mexico
38001,1,38,ND,North Dakota
51015,0,51,VA,Virginia
53051,0,53,WA,Washington
55009,0,55,WI,Wisconsin
55105,0,55,WI,Wisconsin
26091,0,26,MI,Michigan
32009,0,32,NV,Nevada
48113,0,48,TX,Texas
48411,0,48,TX,Texas
13107,0,13,GA,Georgia
31049,0,31,NE,Nebraska
51678,0,51,VA,Virginia
12123,0,12,FL,Florida
13143,0,13,GA,Georgia
17033,0,17,IL,Illinois
16087,0,16,ID,Idaho
17127,0,17,IL,Illinois
30035,0,30,MT,Montana
32033,0,32,NV,Nevada
38095,0,38,ND,North Dakota
39107,0,39,OH,Ohio
42123,0,42,PA,Pennsylvania
55065,0,55,WI,Wisconsin
56033,0,56,WY,Wyoming
18053,0,18,IN,Indiana
19025,0,19,IA,Iowa
17029,0,17,IL,Illinois
21187,0,21,KY,Kentucky
22043,0,22,LA,Louisiana
27109,0,27,MN,Minnesota
27153,0,27,MN,Minnesota
51045,0,51,VA,Virginia
05017,0,05,AR,Arkansas
18147,0,18,IN,Indiana
18089,0,18,IN,Indiana
18123,0,18,IN,Indiana
20037,0,20,KS,Kansas
35055,0,35,NM,New Mexico
45057,0,45,SC,South Carolina
45073,0,45,SC,South Carolina
47069,0,47,TN,Tennessee
13013,0,13,GA,Georgia
16025,0,16,ID,Idaho
17061,0,17,IL,Illinois
29195,0,29,MO,Missouri
29033,0,29,MO,Missouri
38089,0,38,ND,North Dakota
48093,0,48,TX,Texas
05077,0,05,AR,Arkansas
05089,0,05,AR,Arkansas
06051,0,06,CA,California
20095,0,20,KS,Kansas
13183,0,13,GA,Georgia
21151,0,21,KY,Kentucky
28125,0,28,MS,Mississippi
05025,0,05,AR,Arkansas
36061,0,36,NY,New York
36075,0,36,NY,New York
36107,0,36,NY,New York
39015,0,39,OH,Ohio
44003,0,44,RI,Rhode Island
27113,0,27,MN,Minnesota
28121,0,28,MS,Mississippi
29187,0,29,MO,Missouri
18027,0,18,IN,Indiana
19095,0,19,IA,Iowa
21169,0,21,KY,Kentucky
21097,0,21,KY,Kentucky
21063,0,21,KY,Kentucky
20115,0,20,KS,Kansas
28061,0,28,MS,Mississippi
29017,0,29,MO,Missouri
49025,0,49,UT,Utah
05035,0,05,AR,Arkansas
38077,1,38,ND,North Dakota
37057,0,37,NC,North Carolina
40027,0,40,OK,Oklahoma
47007,0,47,TN,Tennessee
55049,0,55,WI,Wisconsin
55087,0,55,WI,Wisconsin
06007,0,06,CA,California
13001,0,13,GA,Georgia
30055,0,30,MT,Montana
35027,0,35,NM,New Mexico
37195,0,37,NC,North Carolina
38007,0,38,ND,North Dakota
39011,0,39,OH,Ohio
41031,0,41,OR,Oregon
42077,0,42,PA,Pennsylvania
40057,0,40,OK,Oklahoma
45063,0,45,SC,South Carolina
37105,0,37,NC,North Carolina
47117,0,47,TN,Tennessee
47049,0,47,TN,Tennessee
35045,0,35,NM,New Mexico
40139,0,40,OK,Oklahoma
22063,0,22,LA,Louisiana
41035,0,41,OR,Oregon
05019,0,05,AR,Arkansas
08051,0,08,CO,Colorado
13269,0,13,GA,Georgia
21181,0,21,KY,Kentucky
28161,0,28,MS,Mississippi
37141,0,37,NC,North Carolina
39169,0,39,OH,Ohio
01089,0,01,AL,Alabama
08077,0,08,CO,Colorado
13191,0,13,GA,Georgia
16003,0,16,ID,Idaho
21231,0,21,KY,Kentucky
21127,0,21,KY,Kentucky
37013,0,37,NC,North Carolina
39105,0,39,OH,Ohio
47009,0,47,TN,Tennessee
13007,0,13,GA,Georgia
17041,0,17,IL,Illinois
18137,0,18,IN,Indiana
18125,0,18,IN,Indiana
18133,0,18,IN,Indiana
30043,0,30,MT,Montana
30097,0,30,MT,Montana
31073,0,31,NE,Nebraska
31171,0,31,NE,Nebraska
31121,0,31,NE,Nebraska
05105,0,05,AR,Arkansas
13245,0,13,GA,Georgia
20107,0,20,KS,Kansas
19057,0,19,IA,Iowa
29167,0,29,MO,Missouri
45045,0,45,SC,South Carolina
20043,0,20,KS,Kansas
21111,0,21,KY,Kentucky
21093,0,21,KY,Kentucky
23027,0,23,ME,Maine
28041,0,28,MS,Mississippi
49003,0,49,UT,Utah
54029,0,54,WV,West Virginia
29089,0,29,MO,Missouri
31011,0,31,NE,Nebraska
33001,0,33,NH,New Hampshire
37101,0,37,NC,North Carolina
38057,0,38,ND,North Dakota
06037,0,06,CA,California
08023,0,08,CO,Colorado
37189,0,37,NC,North Carolina
45055,0,45,SC,South Carolina
27157,0,27,MN,Minnesota
27087,0,27,MN,Minnesota
46031,1,46,SD,South Dakota
45005,0,45,SC,South Carolina
46053,1,46,SD,South Dakota
47055,0,47,TN,Tennessee
47181,0,47,TN,Tennessee
48079,0,48,TX,Texas
48337,0,48,TX,Texas
35051,0,35,NM,New Mexico
36053,0,36,NY,New York
37123,0,37,NC,North Carolina
40101,0,40,OK,Oklahoma
39045,0,39,OH,Ohio
41047,0,41,OR,Oregon
46059,1,46,SD,South Dakota
24017,0,24,MD,Maryland
09001,0,09,CT,Connecticut
13047,0,13,GA,Georgia
41051,0,41,OR,Oregon
08107,0,08,CO,Colorado
12029,0,12,FL,Florida
23003,0,23,ME,Maine
41061,0,41,OR,Oregon
48469,0,48,TX,Texas
29203,0,29,MO,Missouri
22009,0,22,LA,Louisiana
28067,0,28,MS,Mississippi
18039,0,18,IN,Indiana
18173,0,18,IN,Indiana
31115,0,31,NE,Nebraska
31039,0,31,NE,Nebraska
26065,0,26,MI,Michigan
26119,0,26,MI,Michigan
40035,0,40,OK,Oklahoma
16035,0,16,ID,Idaho
47065,0,47,TN,Tennessee
24021,0,24,MD,Maryland
17151,0,17,IL,Illinois
49015,0,49,UT,Utah
01023,0,01,AL,Alabama
05033,0,05,AR,Arkansas
08113,0,08,CO,Colorado
13313,0,13,GA,Georgia
51181,0,51,VA,Virginia
18129,0,18,IN,Indiana
12015,0,12,FL,Florida
09007,0,09,CT,Connecticut
37197,0,37,NC,North Carolina
01021,0,01,AL,Alabama
20071,0,20,KS,Kansas
26083,0,26,MI,Michigan
21165,0,21,KY,Kentucky
37183,0,37,NC,North Carolina
27063,0,27,MN,Minnesota
05139,0,05,AR,Arkansas
21055,0,21,KY,Kentucky
37007,0,37,NC,North Carolina
19007,0,19,IA,Iowa
22013,0,22,LA,Louisiana
21205,0,21,KY,Kentucky
27163,0,27,MN,Minnesota
16027,0,16,ID,Idaho
16031,0,16,ID,Idaho
25005,0,25,MA,Massachusetts
25009,0,25,MA,Massachusetts
17137,0,17,IL,Illinois
42029,0,42,PA,Pennsylvania
27079,0,27,MN,Minnesota
53005,0,53,WA,Washington
53077,0,53,WA,Washington
47113,0,47,TN,Tennessee
31033,0,31,NE,Nebraska
09011,0,09,CT,Connecticut
16065,0,16,ID,Idaho
01017,0,01,AL,Alabama
18167,0,18,IN,Indiana
06081,0,06,CA,California
51159,0,51,VA,Virginia
48157,0,48,TX,Texas
29133,0,29,MO,Missouri
26137,0,26,MI,Michigan
39007,0,39,OH,Ohio
51153,0,51,VA,Virginia
17037,0,17,IL,Illinois
21119,0,21,KY,Kentucky
19027,0,19,IA,Iowa
16055,0,16,ID,Idaho
18115,0,18,IN,Indiana
19119,1,19,IA,Iowa
21007,0,21,KY,Kentucky
21117,0,21,KY,Kentucky
22115,0,22,LA,Louisiana
25013,0,25,MA,Massachusetts
53025,0,53,WA,Washington
30057,0,30,MT,Montana
50021,0,50,VT,Vermont
21069,0,21,KY,Kentucky
23015,0,23,ME,Maine
12083,0,12,FL,Florida
24031,0,24,MD,Maryland
47023,0,47,TN,Tennessee
22119,0,22,LA,Louisiana
37155,0,37,NC,North Carolina
21163,0,21,KY,Kentucky
21017,0,21,KY,Kentucky
21025,0,21,KY,Kentucky
22105,0,22,LA,Louisiana
23025,0,23,ME,Maine
26103,0,26,MI,Michigan
29095,0,29,MO,Missouri
48175,0,48,TX,Texas
05051,0,05,AR,Arkansas
36081,0,36,NY,New York
26131,0,26,MI,Michigan
33015,0,33,NH,New Hampshire
05055,0,05,AR,Arkansas
31057,0,31,NE,Nebraska
01027,0,01,AL,Alabama
21091,0,21,KY,Kentucky
26023,0,26,MI,Michigan
49035,0,49,UT,Utah
21175,0,21,KY,Kentucky
54087,0,54,WV,West Virginia
37193,0,37,NC,North Carolina
27159,0,27,MN,Minnesota
46091,1,46,SD,South Dakota
23031,0,23,ME,Maine
21019,0,21,KY,Kentucky
48073,0,48,TX,Texas
35003,0,35,NM,New Mexico
20197,0,20,KS,Kansas
40103,0,40,OK,Oklahoma
51199,0,51,VA,Virginia
47183,0,47,TN,Tennessee
39059,0,39,OH,Ohio
01019,0,01,AL,Alabama
05127,0,05,AR,Arkansas
05049,0,05,AR,Arkansas
05021,0,05,AR,Arkansas
12055,0,12,FL,Florida
37089,0,37,NC,North Carolina
19085,0,19,IA,Iowa
48121,0,48,TX,Texas
06087,0,06,CA,California
39099,0,39,OH,Ohio
27025,0,27,MN,Minnesota
31105,0,31,NE,Nebraska
30009,0,30,MT,Montana
33011,0,33,NH,New Hampshire
56035,0,56,WY,Wyoming
16071,0,16,ID,Idaho
24011,0,24,MD,Maryland
16045,0,16,ID,Idaho
22031,0,22,LA,Louisiana
05001,0,05,AR,Arkansas
34015,0,34,NJ,New Jersey
06011,0,06,CA,California
12133,0,12,FL,Florida
13059,0,13,GA,Georgia
13175,0,13,GA,Georgia
17169,0,17,IL,Illinois
18113,0,18,IN,Indiana
18119,0,18,IN,Indiana
20047,0,20,KS,Kansas
19153,0,19,IA,Iowa
13141,0,13,GA,Georgia
51007,0,51,VA,Virginia
16019,0,16,ID,Idaho
40041,0,40,OK,Oklahoma
39101,0,39,OH,Ohio
01087,0,01,AL,Alabama
27129,0,27,MN,Minnesota
53059,0,53,WA,Washington
30107,0,30,MT,Montana
48245,0,48,TX,Texas
50025,0,50,VT,Vermont
31013,0,31,NE,Nebraska
25021,0,25,MA,Massachusetts
29071,0,29,MO,Missouri
13247,0,13,GA,Georgia
16051,0,16,ID,Idaho
36005,0,36,NY,New York
05011,0,05,AR,Arkansas
12009,0,12,FL,Florida
06025,0,06,CA,California
48357,0,48,TX,Texas
26061,0,26,MI,Michigan
51119,0,51,VA,Virginia
53071,0,53,WA,Washington
01047,0,01,AL,Alabama
05029,0,05,AR,Arkansas
51109,0,51,VA,Virginia
50011,0,50,VT,Vermont
51111,0,51,VA,Virginia
30013,0,30,MT,Montana
51115,0,51,VA,Virginia
29207,0,29,MO,Missouri
34011,0,34,NJ,New Jersey
12001,0,12,FL,Florida
24039,0,24,MD,Maryland
37147,0,37,NC,North Carolina
47133,0,47,TN,Tennessee
17201,0,17,IL,Illinois
47137,0,47,TN,Tennessee
16009,0,16,ID,Idaho
37015,0,37,NC,North Carolina
42001,0,42,PA,Pennsylvania
41049,0,41,OR,Oregon
42013,0,42,PA,Pennsylvania
47053,0,47,TN,Tennessee
25019,0,25,MA,Massachusetts
28001,0,28,MS,Mississippi
22127,0,22,LA,Louisiana
26135,0,26,MI,Michigan
27089,0,27,MN,Minnesota
20041,0,20,KS,Kansas
51191,0,51,VA,Virginia
01109,0,01,AL,Alabama
05059,0,05,AR,Arkansas
38083,0,38,ND,North Dakota
29225,0,29,MO,Missouri
05061,0,05,AR,Arkansas
37059,0,37,NC,North Carolina
47157,0,47,TN,Tennessee
19195,0,19,IA,Iowa
17193,0,17,IL,Illinois
21177,0,21,KY,Kentucky
47045,0,47,TN,Tennessee
21183,0,21,KY,Kentucky
21193,0,21,KY,Kentucky
26127,0,26,MI,Michigan
21197,0,21,KY,Kentucky
45003,0,45,SC,South Carolina
55093,0,55,WI,Wisconsin
30045,0,30,MT,Montana
51029,0,51,VA,Virginia
51033,0,51,VA,Virginia
51760,0,51,VA,Virginia
54015,0,54,WV,West Virginia
47179,0,47,TN,Tennessee
37061,0,37,NC,North Carolina
16043,0,16,ID,Idaho
05081,0,05,AR,Arkansas
47167,0,47,TN,Tennessee
20125,0,20,KS,Kansas
20191,0,20,KS,Kansas
47083,0,47,TN,Tennessee
42031,0,42,PA,Pennsylvania
47085,0,47,TN,Tennessee
45037,0,45,SC,South Carolina
55089,0,55,WI,Wisconsin
56005,0,56,WY,Wyoming
47155,0,47,TN,Tennessee
16001,0,16,ID,Idaho
01037,0,01,AL,Alabama
39097,0,39,OH,Ohio
12061,0,12,FL,Florida
17075,0,17,IL,Illinois
01067,0,01,AL,Alabama
05091,0,05,AR,Arkansas
48039,0,48,TX,Texas
31119,0,31,NE,Nebraska
38021,1,38,ND,North Dakota
37005,0,37,NC,North Carolina
26029,0,26,MI,Michigan
26153,0,26,MI,Michigan
48171,0,48,TX,Texas
48467,0,48,TX,Texas
48161,0,48,TX,Texas
51053,0,51,VA,Virginia
41057,0,41,OR,Oregon
42035,0,42,PA,Pennsylvania
25003,0,25,MA,Massachusetts
41017,0,41,OR,Oregon
51141,0,51,VA,Virginia
48177,0,48,TX,Texas
16067,0,16,ID,Idaho
42067,0,42,PA,Pennsylvania
17097,0,17,IL,Illinois
18149,0,18,IN,Indiana
42071,0,42,PA,Pennsylvania
37181,0,37,NC,North Carolina
37171,0,37,NC,North Carolina
17013,0,17,IL,Illinois
47031,0,47,TN,Tennessee
18165,0,18,IN,Indiana
47169,0,47,TN,Tennessee
47189,0,47,TN,Tennessee
13123,0,13,GA,Georgia
49041,0,49,UT,Utah
50023,0,50,VT,Vermont
10001,0,10,DE,Delaware
31035,0,31,NE,Nebraska
29109,0,29,MO,Missouri
29051,0,29,MO,Missouri
31111,0,31,NE,Nebraska
20169,0,20,KS,Kansas
27005,0,27,MN,Minnesota
40143,0,40,OK,Oklahoma
29053,0,29,MO,Missouri
55037,0,55,WI,Wisconsin
05063,0,05,AR,Arkansas
20149,0,20,KS,Kansas
23001,0,23,ME,Maine
23023,0,23,ME,Maine
48089,0,48,TX,Texas
48091,0,48,TX,Texas
48103,0,48,TX,Texas
48109,0,48,TX,Texas
16033,0,16,ID,Idaho
48001,0,48,TX,Texas
46011,1,46,SD,South Dakota
21033,0,21,KY,Kentucky
47079,0,47,TN,Tennessee
29023,0,29,MO,Missouri
48053,0,48,TX,Texas
35005,0,35,NM,New Mexico
35041,0,35,NM,New Mexico
38063,0,38,ND,North Dakota
37023,0,37,NC,North Carolina
42109,0,42,PA,Pennsylvania
51177,0,51,VA,Virginia
33013,0,33,NH,New Hampshire
42129,0,42,PA,Pennsylvania
29029,0,29,MO,Missouri
51520,0,51,VA,Virginia
51530,0,51,VA,Virginia
05069,0,05,AR,Arkansas
21135,0,21,KY,Kentucky
27053,0,27,MN,Minnesota
47165,0,47,TN,Tennessee
37165,0,37,NC,North Carolina
17043,0,17,IL,Illinois
17045,0,17,IL,Illinois
17067,0,17,IL,Illinois
51035,0,51,VA,Virginia
45007,0,45,SC,South Carolina
47171,0,47,TN,Tennessee
56011,1,56,WY,Wyoming
45061,0,45,SC,South Carolina
51057,0,51,VA,Virginia
47187,0,47,TN,Tennessee
34025,0,34,NJ,New Jersey
37115,0,37,NC,North Carolina
51690,0,51,VA,Virginia
05109,0,05,AR,Arkansas
51041,0,51,VA,Virginia
21139,0,21,KY,Kentucky
06077,0,06,CA,California
37037,0,37,NC,North Carolina
21149,0,21,KY,Kentucky
27045,0,27,MN,Minnesota
27083,0,27,MN,Minnesota
45049,0,45,SC,South Carolina
06115,0,06,CA,California
37175,0,37,NC,North Carolina
18151,0,18,IN,Indiana
48277,0,48,TX,Texas
08063,0,08,CO,Colorado
42073,0,42,PA,Pennsylvania
55095,0,55,WI,Wisconsin
21131,0,21,KY,Kentucky
17001,0,17,IL,Illinois
31079,0,31,NE,Nebraska
20199,0,20,KS,Kansas
48111,0,48,TX,Texas
51640,0,51,VA,Virginia
36051,0,36,NY,New York
55115,0,55,WI,Wisconsin
29163,0,29,MO,Missouri
48221,0,48,TX,Texas
45021,0,45,SC,South Carolina
42025,0,42,PA,Pennsylvania
47063,0,47,TN,Tennessee
48025,0,48,TX,Texas
42027,0,42,PA,Pennsylvania
47163,0,47,TN,Tennessee
30031,0,30,MT,Montana
47135,0,47,TN,Tennessee
53011,0,53,WA,Washington
51125,0,51,VA,Virginia
42053,0,42,PA,Pennsylvania
29099,0,29,MO,Missouri
29107,0,29,MO,Missouri
29117,0,29,MO,Missouri
29125,0,29,MO,Missouri
29151,0,29,MO,Missouri
51147,0,51,VA,Virginia
22053,0,22,LA,Louisiana
17139,0,17,IL,Illinois
21105,0,21,KY,Kentucky
21159,0,21,KY,Kentucky
01107,0,01,AL,Alabama
21037,0,21,KY,Kentucky
22117,0,22,LA,Louisiana
46081,1,46,SD,South Dakota
30023,0,30,MT,Montana
30093,0,30,MT,Montana
51097,0,51,VA,Virginia
25027,0,25,MA,Massachusetts
13049,0,13,GA,Georgia
42055,0,42,PA,Pennsylvania
54077,0,54,WV,West Virginia
46023,1,46,SD,South Dakota
23007,0,23,ME,Maine
37017,0,37,NC,North Carolina
26043,0,26,MI,Michigan
21115,0,21,KY,Kentucky
27011,1,27,MN,Minnesota
22045,0,22,LA,Louisiana
22011,0,22,LA,Louisiana
30065,0,30,MT,Montana
38015,0,38,ND,North Dakota
35047,0,35,NM,New Mexico
38093,0,38,ND,North Dakota
39137,0,39,OH,Ohio
38005,0,38,ND,North Dakota
39063,0,39,OH,Ohio
29031,0,29,MO,Missouri
33017,0,33,NH,New Hampshire
27123,0,27,MN,Minnesota
31153,0,31,NE,Nebraska
51179,0,51,VA,Virginia
37027,0,37,NC,North Carolina
47087,0,47,TN,Tennessee
24025,0,24,MD,Maryland
46041,1,46,SD,South Dakota
24029,0,24,MD,Maryland
49011,0,49,UT,Utah
49057,0,49,UT,Utah
48365,0,48,TX,Texas
27009,0,27,MN,Minnesota
21237,0,21,KY,Kentucky
21013,0,21,KY,Kentucky
23005,0,23,ME,Maine
06001,0,06,CA,California
37001,0,37,NC,North Carolina
45089,0,45,SC,South Carolina
48477,0,48,TX,Texas
40091,0,40,OK,Oklahoma
40017,0,40,OK,Oklahoma
40131,0,40,OK,Oklahoma
08014,0,08,CO,Colorado
48257,0,48,TX,Texas
48335,0,48,TX,Texas
48405,0,48,TX,Texas
51107,0,51,VA,Virginia
47105,0,47,TN,Tennessee
24047,0,24,MD,Maryland
48097,0,48,TX,Texas
12059,0,12,FL,Florida
12065,0,12,FL,Florida
12075,0,12,FL,Florida
12103,0,12,FL,Florida
41009,0,41,OR,Oregon
54055,0,54,WV,West Virginia
47123,0,47,TN,Tennessee
12079,0,12,FL,Florida
28051,0,28,MS,Mississippi
51071,0,51,VA,Virginia
08069,0,08,CO,Colorado
01031,0,01,AL,Alabama
51001,0,51,VA,Virginia
37131,0,37,NC,North Carolina
01041,0,01,AL,Alabama
13031,0,13,GA,Georgia
37113,0,37,NC,North Carolina
17047,0,17,IL,Illinois
08053,0,08,CO,Colorado
46105,1,46,SD,South Dakota
55021,0,55,WI,Wisconsin
19145,0,19,IA,Iowa
54025,0,54,WV,West Virginia
16015,0,16,ID,Idaho
18163,0,18,IN,Indiana
27075,0,27,MN,Minnesota
27139,0,27,MN,Minnesota
33005,0,33,NH,New Hampshire
13301,0,13,GA,Georgia
06023,0,06,CA,California
48359,0,48,TX,Texas
27141,0,27,MN,Minnesota
37019,0,37,NC,North Carolina
47141,0,47,TN,Tennessee
12003,0,12,FL,Florida
27021,0,27,MN,Minnesota
27035,0,27,MN,Minnesota
39171,0,39,OH,Ohio
50005,0,50,VT,Vermont
21107,0,21,KY,Kentucky
39123,0,39,OH,Ohio
19099,0,19,IA,Iowa
47003,0,47,TN,Tennessee
21047,0,21,KY,Kentucky
37085,0,37,NC,North Carolina
42119,0,42,PA,Pennsylvania
45031,0,45,SC,South Carolina
27007,0,27,MN,Minnesota
12067,0,12,FL,Florida
42007,0,42,PA,Pennsylvania
29047,0,29,MO,Missouri
46109,1,46,SD,South Dakota
46102,1,46,SD,South Dakota
42039,0,42,PA,Pennsylvania
08093,0,08,CO,Colorado
49027,0,49,UT,Utah
49047,0,49,UT,Utah
48027,0,48,TX,Texas
51127,0,51,VA,Virginia
50019,0,50,VT,Vermont
54093,0,54,WV,West Virginia
13071,0,13,GA,Georgia
54037,0,54,WV,West Virginia
50007,0,50,VT,Vermont
45033,0,45,SC,South Carolina
45043,0,45,SC,South Carolina
01053,0,01,AL,Alabama
26121,0,26,MI,Michigan
47125,0,47,TN,Tennessee
41069,0,41,OR,Oregon
30059,0,30,MT,Montana
26097,0,26,MI,Michigan
48169,0,48,TX,Texas
08119,0,08,CO,Colorado
55023,0,55,WI,Wisconsin
48259,0,48,TX,Texas
48227,0,48,TX,Texas
12007,0,12,FL,Florida
40113,0,40,OK,Oklahoma
36071,0,36,NY,New York
48213,0,48,TX,Texas
36001,0,36,NY,New York
01091,0,01,AL,Alabama
56001,0,56,WY,Wyoming
45051,0,45,SC,South Carolina
09015,0,09,CT,Connecticut
08079,0,08,CO,Colorado
54023,0,54,WV,West Virginia
48047,0,48,TX,Texas
45079,0,45,SC,South Carolina
51013,0,51,VA,Virginia
48131,0,48,TX,Texas
51185,0,51,VA,Virginia
12023,0,12,FL,Florida
12089,0,12,FL,Florida
54103,0,54,WV,West Virginia
39051,0,39,OH,Ohio
23021,0,23,ME,Maine
17153,0,17,IL,Illinois
01065,0,01,AL,Alabama
54043,0,54,WV,West Virginia
54045,0,54,WV,West Virginia
48275,0,48,TX,Texas
55045,0,55,WI,Wisconsin
06041,0,06,CA,California
39121,0,39,OH,Ohio
16081,0,16,ID,Idaho
13073,0,13,GA,Georgia
17181,0,17,IL,Illinois
05009,0,05,AR,Arkansas
13177,0,13,GA,Georgia
28129,0,28,MS,Mississippi
19155,0,19,IA,Iowa
13117,0,13,GA,Georgia
16073,0,16,ID,Idaho
39055,0,39,OH,Ohio
22023,0,22,LA,Louisiana
16023,0,16,ID,Idaho
13093,0,13,GA,Georgia
05145,0,05,AR,Arkansas
46137,1,46,SD,South Dakota
32015,0,32,NV,Nevada
32510,0,32,NV,Nevada
35061,0,35,NM,New Mexico
19127,0,19,IA,Iowa
36069,0,36,NY,New York
42021,0,42,PA,Pennsylvania
31041,0,31,NE,Nebraska
05007,0,05,AR,Arkansas
12005,0,12,FL,Florida
20075,0,20,KS,Kansas
25011,0,25,MA,Massachusetts
18095,0,18,IN,Indiana
27033,0,27,MN,Minnesota
13025,0,13,GA,Georgia
05117,0,05,AR,Arkansas
05107,0,05,AR,Arkansas
55079,0,55,WI,Wisconsin
55053,0,55,WI,Wisconsin
48141,0,48,TX,Texas
39061,0,39,OH,Ohio
22089,0,22,LA,Louisiana
29213,0,29,MO,Missouri
53031,0,53,WA,Washington
53043,0,53,WA,Washington
53045,0,53,WA,Washington
22103,0,22,LA,Louisiana
13103,0,13,GA,Georgia
40065,0,40,OK,Oklahoma
40141,0,40,OK,Oklahoma
21053,0,21,KY,Kentucky
48083,0,48,TX,Texas
13015,0,13,GA,Georgia
48403,0,48,TX,Texas
48421,0,48,TX,Texas
48427,0,48,TX,Texas
13109,0,13,GA,Georgia
48151,0,48,TX,Texas
48305,0,48,TX,Texas
29171,0,29,MO,Missouri
36031,0,36,NY,New York
40001,0,40,OK,Oklahoma
05015,0,05,AR,Arkansas
48183,0,48,TX,Texas
36039,0,36,NY,New York
28045,0,28,MS,Mississippi
31063,0,31,NE,Nebraska
47103,0,47,TN,Tennessee
47127,0,47,TN,Tennessee
36007,0,36,NY,New York
48041,0,48,TX,Texas
39167,0,39,OH,Ohio
01099,0,01,AL,Alabama
53029,0,53,WA,Washington
41019,0,41,OR,Oregon
54085,0,54,WV,West Virginia
29211,0,29,MO,Missouri
54095,0,54,WV,West Virginia
30025,1,30,MT,Montana
30091,0,30,MT,Montana
51021,0,51,VA,Virginia
31061,0,31,NE,Nebraska
39095,0,39,OH,Ohio
01083,0,01,AL,Alabama
05147,0,05,AR,Arkansas
40107,0,40,OK,Oklahoma
39005,0,39,OH,Ohio
13039,0,13,GA,Georgia
42051,0,42,PA,Pennsylvania
17057,0,17,IL,Illinois
30067,0,30,MT,Montana
26027,0,26,MI,Michigan
13105,0,13,GA,Georgia
12047,0,12,FL,Florida
05047,0,05,AR,Arkansas
42103,0,42,PA,Pennsylvania
22107,0,22,LA,Louisiana
40019,0,40,OK,Oklahoma
19133,0,19,IA,Iowa
13257,0,13,GA,Georgia
40055,0,40,OK,Oklahoma
13267,0,13,GA,Georgia
13281,0,13,GA,Georgia
40085,0,40,OK,Oklahoma
05073,0,05,AR,Arkansas
30027,0,30,MT,Montana
30083,0,30,MT,Montana
37103,0,37,NC,North Carolina
13185,0,13,GA,Georgia
53047,0,53,WA,Washington
13017,0,13,GA,Georgia
53073,0,53,WA,Washington
48185,0,48,TX,Texas
39053,0,39,OH,Ohio
54099,0,54,WV,West Virginia
51091,0,51,VA,Virginia
55085,0,55,WI,Wisconsin
55141,0,55,WI,Wisconsin
56013,0,56,WY,Wyoming
56017,0,56,WY,Wyoming
27095,0,27,MN,Minnesota
49007,0,49,UT,Utah
42127,0,42,PA,Pennsylvania
36043,0,36,NY,New York
36077,0,36,NY,New York
05071,0,05,AR,Arkansas
13027,0,13,GA,Georgia
40005,0,40,OK,Oklahoma
51061,0,51,VA,Virginia
36115,0,36,NY,New York
36017,0,36,NY,New York
01073,0,01,AL,Alabama
54017,0,54,WV,West Virginia
47011,0,47,TN,Tennessee
54005,0,54,WV,West Virginia
41007,0,41,OR,Oregon
12077,0,12,FL,Florida
28033,0,28,MS,Mississippi
08019,0,08,CO,Colorado
08025,0,08,CO,Colorado
29123,0,29,MO,Missouri
29153,0,29,MO,Missouri
40137,0,40,OK,Oklahoma
29179,0,29,MO,Missouri
30047,0,30,MT,Montana
22077,0,22,LA,Louisiana
08043,0,08,CO,Colorado
05087,0,05,AR,Arkansas
13087,0,13,GA,Georgia
13095,0,13,GA,Georgia
13205,0,13,GA,Georgia
13275,0,13,GA,Georgia
13315,0,13,GA,Georgia
54057,0,54,WV,West Virginia
51069,0,51,VA,Virginia
13263,0,13,GA,Georgia
20021,0,20,KS,Kansas
38071,0,38,ND,North Dakota
48181,0,48,TX,Texas
01063,0,01,AL,Alabama
51017,0,51,VA,Virginia
54019,0,54,WV,West Virginia
13289,0,13,GA,Georgia
30033,0,30,MT,Montana
37003,0,37,NC,North Carolina
28083,0,28,MS,Mississippi
37047,0,37,NC,North Carolina
27017,0,27,MN,Minnesota
42033,0,42,PA,Pennsylvania
29019,0,29,MO,Missouri
06045,0,06,CA,California
20157,0,20,KS,Kansas
20201,0,20,KS,Kansas
05115,0,05,AR,Arkansas
36027,0,36,NY,New York
48321,0,48,TX,Texas
25015,0,25,MA,Massachusetts
21085,0,21,KY,Kentucky
17071,0,17,IL,Illinois
05103,0,05,AR,Arkansas
37117,0,37,NC,North Carolina
28147,0,28,MS,Mississippi
13293,0,13,GA,Georgia
49029,0,49,UT,Utah
54003,0,54,WV,West Virginia
55071,0,55,WI,Wisconsin
01093,0,01,AL,Alabama
48333,0,48,TX,Texas
21021,0,21,KY,Kentucky
40075,0,40,OK,Oklahoma
37143,0,37,NC,North Carolina
24013,0,24,MD,Maryland
45029,0,45,SC,South Carolina
05133,0,05,AR,Arkansas
38099,0,38,ND,North Dakota
12041,0,12,FL,Florida
49013,0,49,UT,Utah
49019,0,49,UT,Utah
48281,0,48,TX,Texas
40071,0,40,OK,Oklahoma
40023,0,40,OK,Oklahoma
40063,0,40,OK,Oklahoma
48287,0,48,TX,Texas
48339,0,48,TX,Texas
40099,0,40,OK,Oklahoma
40121,0,40,OK,Oklahoma
40123,0,40,OK,Oklahoma
40061,0,40,OK,Oklahoma
22051,0,22,LA,Louisiana
51740,0,51,VA,Virginia
18019,0,18,IN,Indiana
20049,0,20,KS,Kansas
51003,0,51,VA,Virginia
22007,0,22,LA,Louisiana
36015,0,36,NY,New York
30063,0,30,MT,Montana
48487,0,48,TX,Texas
08065,0,08,CO,Colorado
08073,0,08,CO,Colorado
37091,0,37,NC,North Carolina
12039,0,12,FL,Florida
36023,0,36,NY,New York
42115,0,42,PA,Pennsylvania
40087,0,40,OK,Oklahoma
36091,0,36,NY,New York
36025,0,36,NY,New York
22095,0,22,LA,Louisiana
13153,0,13,GA,Georgia
13161,0,13,GA,Georgia
39175,0,39,OH,Ohio
26069,0,26,MI,Michigan
25007,0,25,MA,Massachusetts
20145,0,20,KS,Kansas
40149,0,40,OK,Oklahoma
20209,0,20,KS,Kansas
29097,0,29,MO,Missouri
37031,0,37,NC,North Carolina
01113,0,01,AL,Alabama
11001,0,11,DC,District of Columbia
16029,0,16,ID,Idaho
31149,0,31,NE,Nebraska
35028,0,35,NM,New Mexico
29131,0,29,MO,Missouri
28037,0,28,MS,Mississippi
28039,0,28,MS,Mississippi
53041,0,53,WA,Washington
13131,0,13,GA,Georgia
29027,0,29,MO,Missouri
34019,0,34,NJ,New Jersey
36059,0,36,NY,New York
17083,0,17,IL,Illinois
26059,0,26,MI,Michigan
37051,0,37,NC,North Carolina
17031,0,17,IL,Illinois
34013,0,34,NJ,New Jersey
30077,0,30,MT,Montana
06101,0,06,CA,California
01101,0,01,AL,Alabama
51051,0,51,VA,Virginia
13043,0,13,GA,Georgia
08097,0,08,CO,Colorado
20193,0,20,KS,Kansas
45039,0,45,SC,South Carolina
51775,0,51,VA,Virginia
13029,0,13,GA,Georgia
48217,0,48,TX,Texas
46071,1,46,SD,South Dakota
39141,0,39,OH,Ohio
40145,0,40,OK,Oklahoma
42107,0,42,PA,Pennsylvania
45009,0,45,SC,South Carolina
47061,0,47,TN,Tennessee
48395,0,48,TX,Texas
48439,0,48,TX,Texas
48265,0,48,TX,Texas
48491,0,48,TX,Texas
51049,0,51,VA,Virginia
22057,0,22,LA,Louisiana
26047,0,26,MI,Michigan
17089,0,17,IL,Illinois
06065,0,06,CA,California
40115,0,40,OK,Oklahoma
13169,0,13,GA,Georgia
41059,0,41,OR,Oregon
06035,0,06,CA,California
26053,0,26,MI,Michigan
50027,0,50,VT,Vermont
13303,0,13,GA,Georgia
30103,0,30,MT,Montana
35013,0,35,NM,New Mexico
19079,0,19,IA,Iowa
19043,0,19,IA,Iowa
55011,0,55,WI,Wisconsin
08011,0,08,CO,Colorado
29091,0,29,MO,Missouri
32007,0,32,NV,Nevada
37053,0,37,NC,North Carolina
48261,0,48,TX,Texas
40135,0,40,OK,Oklahoma
41063,0,41,OR,Oregon
13167,0,13,GA,Georgia
41071,0,41,OR,Oregon
55041,0,55,WI,Wisconsin
39135,0,39,OH,Ohio
22025,0,22,LA,Louisiana
29037,0,29,MO,Missouri
06097,0,06,CA,California
23017,0,23,ME,Maine
05005,0,05,AR,Arkansas
35025,0,35,NM,New Mexico
18135,0,18,IN,Indiana
54079,0,54,WV,West Virginia
54081,0,54,WV,West Virginia
54109,0,54,WV,West Virginia
34037,0,34,NJ,New Jersey
18001,0,18,IN,Indiana
47035,0,47,TN,Tennessee
19177,0,19,IA,Iowa
21031,0,21,KY,Kentucky
42015,0,42,PA,Pennsylvania
29045,0,29,MO,Missouri
05041,0,05,AR,Arkansas
08003,0,08,CO,Colorado
12017,0,12,FL,Florida
24019,0,24,MD,Maryland
29127,0,29,MO,Missouri
33003,0,33,NH,New Hampshire
04019,0,04,AZ,Arizona
12045,0,12,FL,Florida
35049,0,35,NM,New Mexico
28057,0,28,MS,Mississippi
29111,0,29,MO,Missouri
37087,0,37,NC,North Carolina
18077,0,18,IN,Indiana
31147,0,31,NE,Nebraska
40127,0,40,OK,Oklahoma
30095,0,30,MT,Montana
19061,0,19,IA,Iowa
48457,0,48,TX,Texas
13239,0,13,GA,Georgia
26115,0,26,MI,Michigan
19149,1,19,IA,Iowa
48385,0,48,TX,Texas
51085,0,51,VA,Virginia
08115,0,08,CO,Colorado
13081,0,13,GA,Georgia
19129,0,19,IA,Iowa
19161,0,19,IA,Iowa
48393,0,48,TX,Texas
17077,0,17,IL,Illinois
24033,0,24,MD,Maryland
28075,0,28,MS,Mississippi
31083,0,31,NE,Nebraska
36029,0,36,NY,New York
05045,0,05,AR,Arkansas
01129,0,01,AL,Alabama
50001,0,50,VT,Vermont
13121,0,13,GA,Georgia
29081,0,29,MO,Missouri
08083,0,08,CO,Colorado
30005,0,30,MT,Montana
26157,0,26,MI,Michigan
38033,0,38,ND,North Dakota
32005,0,32,NV,Nevada
08099,0,08,CO,Colorado
51081,0,51,VA,Virginia
17161,0,17,IL,Illinois
48377,0,48,TX,Texas
08055,0,08,CO,Colorado
18055,0,18,IN,Indiana
26155,0,26,MI,Michigan
28007,0,28,MS,Mississippi
30087,0,30,MT,Montana
37067,0,37,NC,North Carolina
37069,0,37,NC,North Carolina
22065,0,22,LA,Louisiana
28149,0,28,MS,Mississippi
48043,0,48,TX,Texas
51005,0,51,VA,Virginia
01055,0,01,AL,Alabama
06047,0,06,CA,California
51165,0,51,VA,Virginia
51171,0,51,VA,Virginia
28163,0,28,MS,Mississippi
28079,0,28,MS,Mississippi
28119,0,28,MS,Mississippi
22029,0,22,LA,Louisiana
27169,0,27,MN,Minnesota
41037,0,41,OR,Oregon
45011,0,45,SC,South Carolina
12093,0,12,FL,Florida
13051,0,13,GA,Georgia
19167,1,19,IA,Iowa
08059,0,08,CO,Colorado
21023,0,21,KY,Kentucky
32003,0,32,NV,Nevada
20103,0,20,KS,Kansas
51145,0,51,VA,Virginia
22033,0,22,LA,Louisiana
48345,0,48,TX,Texas
12086,0,12,FL,Florida
13237,0,13,GA,Georgia
39031,0,39,OH,Ohio
13251,0,13,GA,Georgia
13259,0,13,GA,Georgia
13159,0,13,GA,Georgia
48323,0,48,TX,Texas
54027,0,54,WV,West Virginia
01035,0,01,AL,Alabama
42089,0,42,PA,Pennsylvania
36011,0,36,NY,New York
18181,0,18,IN,Indiana
26101,0,26,MI,Michigan
24023,0,24,MD,Maryland
06099,0,06,CA,California
24041,0,24,MD,Maryland
13283,0,13,GA,Georgia
30109,0,30,MT,Montana
41053,0,41,OR,Oregon
39057,0,39,OH,Ohio
39049,0,39,OH,Ohio
53009,0,53,WA,Washington
13045,0,13,GA,Georgia
37099,0,37,NC,North Carolina
54059,0,54,WV,West Virginia
54061,0,54,WV,West Virginia
13181,0,13,GA,Georgia
48273,0,48,TX,Texas
48443,0,48,TX,Texas
36083,0,36,NY,New York
13035,0,13,GA,Georgia
46125,1,46,SD,South Dakota
13187,0,13,GA,Georgia
13111,0,13,GA,Georgia
18083,0,18,IN,Indiana
31025,0,31,NE,Nebraska
41029,0,41,OR,Oregon
21199,0,21,KY,Kentucky
47131,0,47,TN,Tennessee
38053,0,38,ND,North Dakota
18179,0,18,IN,Indiana
19163,0,19,IA,Iowa
19087,0,19,IA,Iowa
22091,0,22,LA,Louisiana
22121,0,22,LA,Louisiana
18103,0,18,IN,Indiana
06109,0,06,CA,California
18109,0,18,IN,Indiana
12057,0,12,FL,Florida
13195,0,13,GA,Georgia
13207,0,13,GA,Georgia
39073,0,39,OH,Ohio
13225,0,13,GA,Georgia
39017,0,39,OH,Ohio
13309,0,13,GA,Georgia
30061,0,30,MT,Montana
22035,0,22,LA,Louisiana
08031,0,08,CO,Colorado
22067,0,22,LA,Louisiana
40015,0,40,OK,Oklahoma
08013,0,08,CO,Colorado
36119,0,36,NY,New York
01039,0,01,AL,Alabama
13291,0,13,GA,Georgia
31107,1,31,NE,Nebraska
50013,0,50,VT,Vermont
31173,0,31,NE,Nebraska
51820,0,51,VA,Virginia
39013,0,39,OH,Ohio
01125,0,01,AL,Alabama
27077,0,27,MN,Minnesota
31021,0,31,NE,Nebraska
20117,0,20,KS,Kansas
55001,0,55,WI,Wisconsin
20137,0,20,KS,Kansas
30111,0,30,MT,Montana
48215,0,48,TX,Texas
13249,0,13,GA,Georgia
05129,0,05,AR,Arkansas
55103,0,55,WI,Wisconsin
51175,0,51,VA,Virginia
28157,0,28,MS,Mississippi
08071,0,08,CO,Colorado
40125,0,40,OK,Oklahoma
01131,0,01,AL,Alabama
28159,0,28,MS,Mississippi
54021,0,54,WV,West Virginia
53015,0,53,WA,Washington
01029,0,01,AL,Alabama
18003,0,18,IN,Indiana
51139,0,51,VA,Virginia
39009,0,39,OH,Ohio
54053,0,54,WV,West Virginia
06075,0,06,CA,California
13033,0,13,GA,Georgia
48445,0,48,TX,Texas
39153,0,39,OH,Ohio
19107,0,19,IA,Iowa
45015,0,45,SC,South Carolina
47041,0,47,TN,Tennessee
48373,0,48,TX,Texas
21239,0,21,KY,Kentucky
39091,0,39,OH,Ohio
40069,0,40,OK,Oklahoma
48449,0,48,TX,Texas
17173,0,17,IL,Illinois
20131,0,20,KS,Kansas
28011,0,28,MS,Mississippi
28021,0,28,MS,Mississippi
28025,0,28,MS,Mississippi
47145,0,47,TN,Tennessee
21059,0,21,KY,Kentucky
27049,0,27,MN,Minnesota
51133,0,51,VA,Virginia
20147,0,20,KS,Kansas
42091,0,42,PA,Pennsylvania
26163,0,26,MI,Michigan
12021,0,12,FL,Florida
13127,0,13,GA,Georgia
39155,0,39,OH,Ohio
27071,0,27,MN,Minnesota
26013,0,26,MI,Michigan
42133,0,42,PA,Pennsylvania
53023,0,53,WA,Washington
06033,0,06,CA,California
17019,0,17,IL,Illinois
19187,0,19,IA,Iowa
21081,0,21,KY,Kentucky
06029,0,06,CA,California
22079,0,22,LA,Louisiana
27145,0,27,MN,Minnesota
26145,0,26,MI,Michigan
19111,0,19,IA,Iowa
20163,0,20,KS,Kansas
42101,0,42,PA,Pennsylvania
38101,0,38,ND,North Dakota
18035,0,18,IN,Indiana
27061,0,27,MN,Minnesota
55029,0,55,WI,Wisconsin
01081,0,01,AL,Alabama
13151,0,13,GA,Georgia
55051,0,55,WI,Wisconsin
13009,0,13,GA,Georgia
40095,0,40,OK,Oklahoma
51075,0,51,VA,Virginia
38061,0,38,ND,North Dakota
39025,0,39,OH,Ohio
48005,0,48,TX,Texas
23013,0,23,ME,Maine
31081,0,31,NE,Nebraska
51065,0,51,VA,Virginia
46121,1,46,SD,South Dakota
16041,0,16,ID,Idaho
37139,0,37,NC,North Carolina
22015,0,22,LA,Louisiana
04013,0,04,AZ,Arizona
29155,0,29,MO,Missouri
17125,0,17,IL,Illinois
13037,0,13,GA,Georgia
17129,0,17,IL,Illinois
40089,0,40,OK,Oklahoma
37075,0,37,NC,North Carolina
55007,0,55,WI,Wisconsin
55003,0,55,WI,Wisconsin
55031,0,55,WI,Wisconsin
22021,0,22,LA,Louisiana
37041,0,37,NC,North Carolina
51095,0,51,VA,Virginia
37073,0,37,NC,North Carolina
55063,0,55,WI,Wisconsin
55121,0,55,WI,Wisconsin
06113,0,06,CA,California
36079,0,36,NY,New York
28035,0,28,MS,Mississippi
28089,0,28,MS,Mississippi
45091,0,45,SC,South Carolina
37029,0,37,NC,North Carolina
22093,0,22,LA,Louisiana
22109,0,22,LA,Louisiana
37039,0,37,NC,North Carolina
08067,0,08,CO,Colorado
39157,0,39,OH,Ohio
13139,0,13,GA,Georgia
13145,0,13,GA,Georgia
17015,0,17,IL,Illinois
51063,0,51,VA,Virginia
54097,0,54,WV,West Virginia
28091,0,28,MS,Mississippi
37125,0,37,NC,North Carolina
42063,0,42,PA,Pennsylvania
24045,0,24,MD,Maryland
40029,0,40,OK,Oklahoma
08085,0,08,CO,Colorado
21219,0,21,KY,Kentucky
27047,0,27,MN,Minnesota
51027,0,51,VA,Virginia
05137,0,05,AR,Arkansas
18031,0,18,IN,Indiana
21123,0,21,KY,Kentucky
31113,0,31,NE,Nebraska
36111,0,36,NY,New York
48431,0,48,TX,Texas
42047,0,42,PA,Pennsylvania
19071,0,19,IA,Iowa
16039,0,16,ID,Idaho
42061,0,42,PA,Pennsylvania
51149,0,51,VA,Virginia
05093,0,05,AR,Arkansas
12073,0,12,FL,Florida
54063,0,54,WV,West Virginia
37055,0,37,NC,North Carolina
48061,0,48,TX,Texas
54035,0,54,WV,West Virginia
01009,0,01,AL,Alabama
27171,0,27,MN,Minnesota
48371,0,48,TX,Texas
34041,0,34,NJ,New Jersey
31087,0,31,NE,Nebraska
39023,0,39,OH,Ohio
36047,0,36,NY,New York
39075,0,39,OH,Ohio
27097,0,27,MN,Minnesota
42111,0,42,PA,Pennsylvania
31029,0,31,NE,Nebraska
41027,0,41,OR,Oregon
17183,0,17,IL,Illinois
48307,0,48,TX,Texas
55017,0,55,WI,Wisconsin
20087,0,20,KS,Kansas
19115,0,19,IA,Iowa
22041,0,22,LA,Louisiana
13197,0,13,GA,Georgia
48139,0,48,TX,Texas
54039,0,54,WV,West Virginia
01033,0,01,AL,Alabama
12063,0,12,FL,Florida
18061,0,18,IN,Indiana
20011,0,20,KS,Kansas
30079,0,30,MT,Montana
37111,0,37,NC,North Carolina
47177,0,47,TN,Tennessee
48155,0,48,TX,Texas
21109,0,21,KY,Kentucky
45023,0,45,SC,South Carolina
08021,0,08,CO,Colorado
38069,0,38,ND,North Dakota
37071,0,37,NC,North Carolina
06093,0,06,CA,California
05125,0,05,AR,Arkansas
21233,0,21,KY,Kentucky
27013,0,27,MN,Minnesota
21043,0,21,KY,Kentucky
13053,0,13,GA,Georgia
35009,0,35,NM,New Mexico
37119,0,37,NC,North Carolina
35001,0,35,NM,New Mexico
13271,0,13,GA,Georgia
29183,0,29,MO,Missouri
36117,0,36,NY,New York
28055,0,28,MS,Mississippi
37133,0,37,NC,North Carolina
45083,0,45,SC,South Carolina
01001,0,01,AL,Alabama
13163,0,13,GA,Georgia
34035,0,34,NJ,New Jersey
05075,0,05,AR,Arkansas
40009,0,40,OK,Oklahoma
08037,0,08,CO,Colorado
47159,0,47,TN,Tennessee
26081,0,26,MI,Michigan
21221,0,21,KY,Kentucky
38097,0,38,ND,North Dakota
01103,0,01,AL,Alabama
13199,0,13,GA,Georgia
21229,0,21,KY,Kentucky
37163,0,37,NC,North Carolina
40045,0,40,OK,Oklahoma
51077,0,51,VA,Virginia
05057,0,05,AR,Arkansas
18067,0,18,IN,Indiana
18143,0,18,IN,Indiana
34031,0,34,NJ,New Jersey
35023,0,35,NM,New Mexico
51131,0,51,VA,Virginia
17005,0,17,IL,Illinois
28151,0,28,MS,Mississippi
36089,0,36,NY,New York
39087,0,39,OH,Ohio
12125,0,12,FL,Florida
18139,0,18,IN,Indiana
27019,0,27,MN,Minnesota
27107,0,27,MN,Minnesota
04009,0,04,AZ,Arizona
42099,0,42,PA,Pennsylvania
12113,0,12,FL,Florida
21145,0,21,KY,Kentucky
27173,1,27,MN,Minnesota
35059,0,35,NM,New Mexico
21073,0,21,KY,Kentucky
20045,0,20,KS,Kansas
09003,0,09,CT,Connecticut
17185,0,17,IL,Illinois
21101,0,21,KY,Kentucky
13229,0,13,GA,Georgia
55013,0,55,WI,Wisconsin
06067,0,06,CA,California
18175,0,18,IN,Indiana
23019,0,23,ME,Maine
17195,0,17,IL,Illinois
26063,0,26,MI,Michigan
31131,0,31,NE,Nebraska
45053,0,45,SC,South Carolina
54107,0,54,WV,West Virginia
06039,0,06,CA,California
17035,0,17,IL,Illinois
20207,0,20,KS,Kansas
28117,0,28,MS,Mississippi
35019,0,35,NM,New Mexico
31155,0,31,NE,Nebraska
48401,0,48,TX,Texas
42011,0,42,PA,Pennsylvania
47091,0,47,TN,Tennessee
20005,0,20,KS,Kansas
20159,0,20,KS,Kansas
13311,0,13,GA,Georgia
13063,0,13,GA,Georgia
34027,0,34,NJ,New Jersey
42097,0,42,PA,Pennsylvania
48037,0,48,TX,Texas
56025,0,56,WY,Wyoming
53003,0,53,WA,Washington
53021,0,53,WA,Washington
44007,0,44,RI,Rhode Island
17059,0,17,IL,Illinois
25001,0,25,MA,Massachusetts
45001,0,45,SC,South Carolina
47005,0,47,TN,Tennessee
46033,1,46,SD,South Dakota
46127,1,46,SD,South Dakota
48017,0,48,TX,Texas
46047,1,46,SD,South Dakota
42045,0,42,PA,Pennsylvania
49039,0,49,UT,Utah
54007,0,54,WV,West Virginia
19105,0,19,IA,Iowa
40007,0,40,OK,Oklahoma
01069,0,01,AL,Alabama
12099,0,12,FL,Florida
12127,0,12,FL,Florida
21095,0,21,KY,Kentucky
27115,0,27,MN,Minnesota
39085,0,39,OH,Ohio
44001,0,44,RI,Rhode Island
46103,1,46,SD,South Dakota
55111,0,55,WI,Wisconsin
30021,0,30,MT,Montana
12109,0,12,FL,Florida
13019,0,13,GA,Georgia
46095,1,46,SD,South Dakota
49017,0,49,UT,Utah
35007,0,35,NM,New Mexico
01049,0,01,AL,Alabama
21045,0,21,KY,Kentucky
20181,0,20,KS,Kansas
13253,0,13,GA,Georgia
39115,0,39,OH,Ohio
45047,0,45,SC,South Carolina
51137,0,51,VA,Virginia
51079,0,51,VA,Virginia
48239,0,48,TX,Texas
06049,0,06,CA,California
17101,0,17,IL,Illinois
26003,0,26,MI,Michigan
47151,0,47,TN,Tennessee
29013,0,29,MO,Missouri
51195,0,51,VA,Virginia
48299,0,48,TX,Texas
29157,0,29,MO,Missouri
37033,0,37,NC,North Carolina
38035,0,38,ND,North Dakota
36099,0,36,NY,New York
12101,0,12,FL,Florida
17003,0,17,IL,Illinois
24043,0,24,MD,Maryland
28059,0,28,MS,Mississippi
39145,0,39,OH,Ohio
04027,0,04,AZ,Arizona
48369,0,48,TX,Texas
40153,0,40,OK,Oklahoma
16021,0,16,ID,Idaho
17167,0,17,IL,Illinois
56019,0,56,WY,Wyoming
40079,0,40,OK,Oklahoma
05095,0,05,AR,Arkansas
13069,0,13,GA,Georgia
21113,0,21,KY,Kentucky
28029,0,28,MS,Mississippi
36095,0,36,NY,New York
42043,0,42,PA,Pennsylvania
51183,0,51,VA,Virginia
20187,0,20,KS,Kansas
51660,0,51,VA,Virginia
51087,0,51,VA,Virginia
34033,0,34,NJ,New Jersey
19117,0,19,IA,Iowa
39071,0,39,OH,Ohio
46021,1,46,SD,South Dakota
13061,0,13,GA,Georgia
27073,1,27,MN,Minnesota
55083,0,55,WI,Wisconsin
39131,0,39,OH,Ohio
29021,0,29,MO,Missouri
24001,0,24,MD,Maryland
54073,0,54,WV,West Virginia
49045,0,49,UT,Utah
51101,0,51,VA,Virginia
19097,0,19,IA,Iowa
47017,0,47,TN,Tennessee
40003,0,40,OK,Oklahoma
06013,0,06,CA,California
31177,0,31,NE,Nebraska
30037,0,30,MT,Montana
12111,0,12,FL,Florida
37169,0,37,NC,North Carolina
13011,0,13,GA,Georgia
13023,0,13,GA,Georgia
12081,0,12,FL,Florida
16007,0,16,ID,Idaho
12129,0,12,FL,Florida
22087,0,22,LA,Louisiana
31145,0,31,NE,Nebraska
38051,1,38,ND,North Dakota
48057,0,48,TX,Texas
31015,1,31,NE,Nebraska
38059,0,38,ND,North Dakota
24027,0,24,MD,Maryland
21089,0,21,KY,Kentucky
47119,0,47,TN,Tennessee
42057,0,42,PA,Pennsylvania
35015,0,35,NM,New Mexico
36065,0,36,NY,New York
42121,0,42,PA,Pennsylvania
36085,0,36,NY,New York
48197,0,48,TX,Texas
06021,0,06,CA,California
34001,0,34,NJ,New Jersey
22101,0,22,LA,Louisiana
21235,0,21,KY,Kentucky
29069,0,29,MO,Missouri
39081,0,39,OH,Ohio
48229,0,48,TX,Texas
26117,0,26,MI,Michigan
48489,0,48,TX,Texas
42085,0,42,PA,Pennsylvania
51103,0,51,VA,Virginia
21067,0,21,KY,Kentucky
29189,0,29,MO,Missouri
47173,0,47,TN,Tennessee
48203,0,48,TX,Texas
36113,0,36,NY,New York
28063,0,28,MS,Mississippi
51187,0,51,VA,Virginia
51009,0,51,VA,Virginia
21015,0,21,KY,Kentucky
26147,0,26,MI,Michigan
21011,0,21,KY,Kentucky
42081,0,42,PA,Pennsylvania
47033,0,47,TN,Tennessee
22071,0,22,LA,Louisiana
05003,0,05,AR,Arkansas
54051,0,54,WV,West Virginia
04025,0,04,AZ,Arizona
20055,0,20,KS,Kansas
29219,0,29,MO,Missouri
36067,0,36,NY,New York
40051,0,40,OK,Oklahoma
47107,0,47,TN,Tennessee
40013,0,40,OK,Oklahoma
21137,0,21,KY,Kentucky
37081,0,37,NC,North Carolina
45059,0,45,SC,South Carolina
49023,0,49,UT,Utah
17149,0,17,IL,Illinois
44005,0,44,RI,Rhode Island
41003,0,41,OR,Oregon
29059,0,29,MO,Missouri
17027,0,17,IL,Illinois
13233,0,13,GA,Georgia
31089,0,31,NE,Nebraska
13147,0,13,GA,Georgia
26009,0,26,MI,Michigan
29227,0,29,MO,Missouri
36013,0,36,NY,New York
51590,0,51,VA,Virginia
12031,0,12,FL,Florida
40067,0,40,OK,Oklahoma
16079,0,16,ID,Idaho
21003,0,21,KY,Kentucky
26141,0,26,MI,Michigan
32031,0,32,NV,Nevada
48451,0,48,TX,Texas
53019,0,53,WA,Washington
53063,0,53,WA,Washington
48355,0,48,TX,Texas
42079,0,42,PA,Pennsylvania
48447,0,48,TX,Texas
17069,0,17,IL,Illinois
13179,0,13,GA,Georgia
13221,0,13,GA,Georgia
21071,0,21,KY,Kentucky
12069,0,12,FL,Florida
21213,0,21,KY,Kentucky
28027,0,28,MS,Mississippi
01051,0,01,AL,Alabama
10005,0,10,DE,Delaware
21125,0,21,KY,Kentucky
21143,0,21,KY,Kentucky
39151,0,39,OH,Ohio
48481,0,48,TX,Texas
13231,0,13,GA,Georgia
48505,0,48,TX,Texas
41045,0,41,OR,Oregon
53055,0,53,WA,Washington
01115,0,01,AL,Alabama
21049,0,21,KY,Kentucky
26087,0,26,MI,Michigan
42065,0,42,PA,Pennsylvania
46055,1,46,SD,South Dakota
29005,0,29,MO,Missouri
36105,0,36,NY,New York
41011,0,41,OR,Oregon
13261,0,13,GA,Georgia
21157,0,21,KY,Kentucky
26105,0,26,MI,Michigan
55043,0,55,WI,Wisconsin
17163,0,17,IL,Illinois
21035,0,21,KY,Kentucky
34023,0,34,NJ,New Jersey
53049,0,53,WA,Washington
47185,0,47,TN,Tennessee
16083,0,16,ID,Idaho
19193,1,19,IA,Iowa
22125,0,22,LA,Louisiana
32001,0,32,NV,Nevada
37179,0,37,NC,North Carolina
28043,0,28,MS,Mississippi
47121,0,47,TN,Tennessee
32011,0,32,NV,Nevada
06003,0,06,CA,California
26041,0,26,MI,Michigan
37021,0,37,NC,North Carolina
29181,0,29,MO,Missouri
48455,0,48,TX,Texas
51155,0,51,VA,Virginia
18153,0,18,IN,Indiana
30011,1,30,MT,Montana
48503,0,48,TX,Texas
29067,0,29,MO,Missouri
37107,0,37,NC,North Carolina
47043,0,47,TN,Tennessee
51019,0,51,VA,Virginia
04017,0,04,AZ,Arizona
17023,0,17,IL,Illinois
25017,0,25,MA,Massachusetts
39111,0,39,OH,Ohio
48241,0,48,TX,Texas
21217,0,21,KY,Kentucky
18183,0,18,IN,Indiana
12119,0,12,FL,Florida
51173,0,51,VA,Virginia
37083,0,37,NC,North Carolina
48409,0,48,TX,Texas
39001,0,39,OH,Ohio
13297,0,13,GA,Georgia
45041,0,45,SC,South Carolina
27029,0,27,MN,Minnesota
21079,0,21,KY,Kentucky
22081,0,22,LA,Louisiana
33019,0,33,NH,New Hampshire
37049,0,37,NC,North Carolina
38023,0,38,ND,North Dakota
42125,0,42,PA,Pennsylvania
48419,0,48,TX,Texas
54089,0,54,WV,West Virginia
48077,0,48,TX,Texas
08049,0,08,CO,Colorado
13057,0,13,GA,Georgia
26151,0,26,MI,Michigan
01117,0,01,AL,Alabama
39117,0,39,OH,Ohio
08081,0,08,CO,Colorado
16057,0,16,ID,Idaho
39143,0,39,OH,Ohio
13099,0,13,GA,Georgia
40033,0,40,OK,Oklahoma
22073,0,22,LA,Louisiana
48495,0,48,TX,Texas
08109,0,08,CO,Colorado
02105,1,02,AK,Alaska
02220,1,02,AK,Alaska
02240,1,02,AK,Alaska
02158,1,02,AK,Alaska
02050,1,02,AK,Alaska
02185,1,02,AK,Alaska
02198,1,02,AK,Alaska
02180,1,02,AK,Alaska
02016,1,02,AK,Alaska
02060,1,02,AK,Alaska
02164,1,02,AK,Alaska
02230,1,02,AK,Alaska
02122,1,02,AK,Alaska
02188,1,02,AK,Alaska
02261,1,02,AK,Alaska
02290,1,02,AK,Alaska
02195,1,02,AK,Alaska
02275,1,02,AK,Alaska
02013,1,02,AK,Alaska
02170,1,02,AK,Alaska
02110,1,02,AK,Alaska
02020,1,02,AK,Alaska
02130,1,02,AK,Alaska
02150,1,02,AK,Alaska
02282,1,02,AK,Alaska
02090,1,02,AK,Alaska
02068,1,02,AK,Alaska
02100,1,02,AK,Alaska
02070,1,02,AK,Alaska
15005,0,15,HI,Hawaii
15003,0,15,HI,Hawaii
15001,0,15,HI,Hawaii
15007,0,15,HI,Hawaii
15009,0,15,HI,Hawaii
